N, ROB size, RS size, Cache Size, Unrolls, Optimization Lvl, Cycles, Instructions, Icache hit, Dcache hit, ROB hzrds, RS hzrds, LSQ hzrds
1, 16, 8, 16, 1, 1, 442, 149, 0.615079, 0.111111, 194, 0, 0
1, 16, 8, 16, 1, 2, 442, 149, 0.615079, 0.111111, 194, 0, 0
1, 16, 8, 16, 1, 3, 440, 149, 0.615079, 0.111111, 192, 0, 0
1, 16, 8, 16, 1, 4, 440, 149, 0.615079, 0.111111, 192, 0, 0
1, 16, 8, 16, 1, 5, 440, 149, 0.615079, 0.111111, 192, 0, 0
1, 16, 8, 16, 1, 6, 440, 149, 0.615079, 0.111111, 192, 0, 0
1, 16, 8, 16, 1, 7, 440, 149, 0.615079, 0.111111, 192, 0, 0
1, 16, 8, 16, 1, 8, 440, 149, 0.615079, 0.111111, 192, 0, 0
1, 16, 8, 16, 2, 1, 425, 135, 0.534188, 0.111111, 196, 0, 0
1, 16, 8, 16, 2, 2, 425, 135, 0.534188, 0.111111, 196, 0, 0
1, 16, 8, 16, 2, 3, 425, 135, 0.534188, 0.111111, 196, 0, 0
1, 16, 8, 16, 2, 4, 425, 135, 0.534188, 0.111111, 196, 0, 0
1, 16, 8, 16, 2, 5, 425, 135, 0.534188, 0.111111, 196, 0, 0
1, 16, 8, 16, 2, 6, 425, 135, 0.534188, 0.111111, 196, 0, 0
1, 16, 8, 16, 2, 7, 397, 107, 0.509709, 0.111111, 196, 0, 0
1, 16, 8, 16, 2, 8, 397, 107, 0.509709, 0.111111, 196, 0, 0
1, 16, 8, 16, 3, 1, 431, 124, 0.338521, 0.238095, 181, 0, 0
1, 16, 8, 16, 3, 2, 431, 124, 0.338521, 0.238095, 181, 0, 0
1, 16, 8, 16, 3, 3, 431, 124, 0.338521, 0.238095, 181, 0, 0
1, 16, 8, 16, 3, 4, 431, 124, 0.338521, 0.238095, 181, 0, 0
1, 16, 8, 16, 3, 5, 431, 124, 0.338521, 0.238095, 181, 0, 0
1, 16, 8, 16, 3, 6, 431, 124, 0.338521, 0.238095, 181, 0, 0
1, 16, 8, 16, 3, 7, 387, 89, 0.437811, 0.200000, 195, 0, 0
1, 16, 8, 16, 3, 8, 387, 89, 0.437811, 0.200000, 195, 0, 0
1, 16, 8, 16, 4, 1, 434, 125, 0.251012, 0.200000, 196, 0, 0
1, 16, 8, 16, 4, 2, 434, 125, 0.251012, 0.200000, 196, 0, 0
1, 16, 8, 16, 4, 3, 434, 125, 0.251012, 0.200000, 196, 0, 0
1, 16, 8, 16, 4, 4, 434, 125, 0.251012, 0.200000, 196, 0, 0
1, 16, 8, 16, 4, 5, 434, 125, 0.251012, 0.200000, 196, 0, 0
1, 16, 8, 16, 4, 6, 434, 125, 0.251012, 0.200000, 196, 0, 0
1, 16, 8, 16, 4, 7, 392, 89, 0.348259, 0.200000, 200, 0, 0
1, 16, 8, 16, 4, 8, 392, 89, 0.348259, 0.200000, 200, 0, 0
1, 16, 8, 64, 1, 1, 325, 149, 0.744493, 0.157895, 112, 0, 0
1, 16, 8, 64, 1, 2, 325, 149, 0.744493, 0.157895, 112, 0, 0
1, 16, 8, 64, 1, 3, 325, 149, 0.751111, 0.157895, 114, 0, 0
1, 16, 8, 64, 1, 4, 325, 149, 0.751111, 0.157895, 114, 0, 0
1, 16, 8, 64, 1, 5, 325, 149, 0.751111, 0.157895, 114, 0, 0
1, 16, 8, 64, 1, 6, 325, 149, 0.751111, 0.157895, 114, 0, 0
1, 16, 8, 64, 1, 7, 325, 149, 0.751111, 0.157895, 114, 0, 0
1, 16, 8, 64, 1, 8, 325, 149, 0.751111, 0.157895, 114, 0, 0
1, 16, 8, 64, 2, 1, 312, 135, 0.668182, 0.157895, 112, 0, 0
1, 16, 8, 64, 2, 2, 312, 135, 0.668182, 0.157895, 112, 0, 0
1, 16, 8, 64, 2, 3, 312, 135, 0.668182, 0.157895, 112, 0, 0
1, 16, 8, 64, 2, 4, 312, 135, 0.668182, 0.157895, 112, 0, 0
1, 16, 8, 64, 2, 5, 312, 135, 0.668182, 0.157895, 112, 0, 0
1, 16, 8, 64, 2, 6, 312, 135, 0.668182, 0.157895, 112, 0, 0
1, 16, 8, 64, 2, 7, 273, 107, 0.643979, 0.157895, 101, 0, 0
1, 16, 8, 64, 2, 8, 273, 107, 0.643979, 0.157895, 101, 0, 0
1, 16, 8, 64, 3, 1, 308, 124, 0.653509, 0.238095, 102, 0, 0
1, 16, 8, 64, 3, 2, 308, 124, 0.653509, 0.238095, 102, 0, 0
1, 16, 8, 64, 3, 3, 308, 124, 0.653509, 0.238095, 102, 0, 0
1, 16, 8, 64, 3, 4, 308, 124, 0.653509, 0.238095, 102, 0, 0
1, 16, 8, 64, 3, 5, 308, 124, 0.653509, 0.238095, 102, 0, 0
1, 16, 8, 64, 3, 6, 308, 124, 0.653509, 0.238095, 102, 0, 0
1, 16, 8, 64, 3, 7, 261, 89, 0.636364, 0.272727, 97, 0, 0
1, 16, 8, 64, 3, 8, 261, 89, 0.636364, 0.272727, 97, 0, 0
1, 16, 8, 64, 4, 1, 309, 125, 0.596413, 0.238095, 110, 0, 0
1, 16, 8, 64, 4, 2, 309, 125, 0.596413, 0.238095, 110, 0, 0
1, 16, 8, 64, 4, 3, 309, 125, 0.596413, 0.238095, 110, 0, 0
1, 16, 8, 64, 4, 4, 309, 125, 0.596413, 0.238095, 110, 0, 0
1, 16, 8, 64, 4, 5, 309, 125, 0.596413, 0.238095, 110, 0, 0
1, 16, 8, 64, 4, 6, 309, 125, 0.596413, 0.238095, 110, 0, 0
1, 16, 8, 64, 4, 7, 265, 89, 0.582888, 0.272727, 101, 0, 0
1, 16, 8, 64, 4, 8, 265, 89, 0.582888, 0.272727, 101, 0, 0
1, 16, 16, 16, 1, 1, 442, 149, 0.615079, 0.111111, 194, 0, 0
1, 16, 16, 16, 1, 2, 442, 149, 0.615079, 0.111111, 194, 0, 0
1, 16, 16, 16, 1, 3, 440, 149, 0.615079, 0.111111, 192, 0, 0
1, 16, 16, 16, 1, 4, 440, 149, 0.615079, 0.111111, 192, 0, 0
1, 16, 16, 16, 1, 5, 440, 149, 0.615079, 0.111111, 192, 0, 0
1, 16, 16, 16, 1, 6, 440, 149, 0.615079, 0.111111, 192, 0, 0
1, 16, 16, 16, 1, 7, 440, 149, 0.615079, 0.111111, 192, 0, 0
1, 16, 16, 16, 1, 8, 440, 149, 0.615079, 0.111111, 192, 0, 0
1, 16, 16, 16, 2, 1, 425, 135, 0.534188, 0.111111, 196, 0, 0
1, 16, 16, 16, 2, 2, 425, 135, 0.534188, 0.111111, 196, 0, 0
1, 16, 16, 16, 2, 3, 425, 135, 0.534188, 0.111111, 196, 0, 0
1, 16, 16, 16, 2, 4, 425, 135, 0.534188, 0.111111, 196, 0, 0
1, 16, 16, 16, 2, 5, 425, 135, 0.534188, 0.111111, 196, 0, 0
1, 16, 16, 16, 2, 6, 425, 135, 0.534188, 0.111111, 196, 0, 0
1, 16, 16, 16, 2, 7, 397, 107, 0.509709, 0.111111, 196, 0, 0
1, 16, 16, 16, 2, 8, 397, 107, 0.509709, 0.111111, 196, 0, 0
1, 16, 16, 16, 3, 1, 431, 124, 0.338521, 0.238095, 181, 0, 0
1, 16, 16, 16, 3, 2, 431, 124, 0.338521, 0.238095, 181, 0, 0
1, 16, 16, 16, 3, 3, 431, 124, 0.338521, 0.238095, 181, 0, 0
1, 16, 16, 16, 3, 4, 431, 124, 0.338521, 0.238095, 181, 0, 0
1, 16, 16, 16, 3, 5, 431, 124, 0.338521, 0.238095, 181, 0, 0
1, 16, 16, 16, 3, 6, 431, 124, 0.338521, 0.238095, 181, 0, 0
1, 16, 16, 16, 3, 7, 387, 89, 0.437811, 0.200000, 195, 0, 0
1, 16, 16, 16, 3, 8, 387, 89, 0.437811, 0.200000, 195, 0, 0
1, 16, 16, 16, 4, 1, 434, 125, 0.251012, 0.200000, 196, 0, 0
1, 16, 16, 16, 4, 2, 434, 125, 0.251012, 0.200000, 196, 0, 0
1, 16, 16, 16, 4, 3, 434, 125, 0.251012, 0.200000, 196, 0, 0
1, 16, 16, 16, 4, 4, 434, 125, 0.251012, 0.200000, 196, 0, 0
1, 16, 16, 16, 4, 5, 434, 125, 0.251012, 0.200000, 196, 0, 0
1, 16, 16, 16, 4, 6, 434, 125, 0.251012, 0.200000, 196, 0, 0
1, 16, 16, 16, 4, 7, 392, 89, 0.348259, 0.200000, 200, 0, 0
1, 16, 16, 16, 4, 8, 392, 89, 0.348259, 0.200000, 200, 0, 0
1, 16, 16, 64, 1, 1, 325, 149, 0.744493, 0.157895, 112, 0, 0
1, 16, 16, 64, 1, 2, 325, 149, 0.744493, 0.157895, 112, 0, 0
1, 16, 16, 64, 1, 3, 325, 149, 0.751111, 0.157895, 114, 0, 0
1, 16, 16, 64, 1, 4, 325, 149, 0.751111, 0.157895, 114, 0, 0
1, 16, 16, 64, 1, 5, 325, 149, 0.751111, 0.157895, 114, 0, 0
1, 16, 16, 64, 1, 6, 325, 149, 0.751111, 0.157895, 114, 0, 0
1, 16, 16, 64, 1, 7, 325, 149, 0.751111, 0.157895, 114, 0, 0
1, 16, 16, 64, 1, 8, 325, 149, 0.751111, 0.157895, 114, 0, 0
1, 16, 16, 64, 2, 1, 312, 135, 0.668182, 0.157895, 112, 0, 0
1, 16, 16, 64, 2, 2, 312, 135, 0.668182, 0.157895, 112, 0, 0
1, 16, 16, 64, 2, 3, 312, 135, 0.668182, 0.157895, 112, 0, 0
1, 16, 16, 64, 2, 4, 312, 135, 0.668182, 0.157895, 112, 0, 0
1, 16, 16, 64, 2, 5, 312, 135, 0.668182, 0.157895, 112, 0, 0
1, 16, 16, 64, 2, 6, 312, 135, 0.668182, 0.157895, 112, 0, 0
1, 16, 16, 64, 2, 7, 273, 107, 0.643979, 0.157895, 101, 0, 0
1, 16, 16, 64, 2, 8, 273, 107, 0.643979, 0.157895, 101, 0, 0
1, 16, 16, 64, 3, 1, 308, 124, 0.653509, 0.238095, 102, 0, 0
1, 16, 16, 64, 3, 2, 308, 124, 0.653509, 0.238095, 102, 0, 0
1, 16, 16, 64, 3, 3, 308, 124, 0.653509, 0.238095, 102, 0, 0
1, 16, 16, 64, 3, 4, 308, 124, 0.653509, 0.238095, 102, 0, 0
1, 16, 16, 64, 3, 5, 308, 124, 0.653509, 0.238095, 102, 0, 0
1, 16, 16, 64, 3, 6, 308, 124, 0.653509, 0.238095, 102, 0, 0
1, 16, 16, 64, 3, 7, 261, 89, 0.636364, 0.272727, 97, 0, 0
1, 16, 16, 64, 3, 8, 261, 89, 0.636364, 0.272727, 97, 0, 0
1, 16, 16, 64, 4, 1, 309, 125, 0.596413, 0.238095, 110, 0, 0
1, 16, 16, 64, 4, 2, 309, 125, 0.596413, 0.238095, 110, 0, 0
1, 16, 16, 64, 4, 3, 309, 125, 0.596413, 0.238095, 110, 0, 0
1, 16, 16, 64, 4, 4, 309, 125, 0.596413, 0.238095, 110, 0, 0
1, 16, 16, 64, 4, 5, 309, 125, 0.596413, 0.238095, 110, 0, 0
1, 16, 16, 64, 4, 6, 309, 125, 0.596413, 0.238095, 110, 0, 0
1, 16, 16, 64, 4, 7, 265, 89, 0.582888, 0.272727, 101, 0, 0
1, 16, 16, 64, 4, 8, 265, 89, 0.582888, 0.272727, 101, 0, 0
1, 32, 8, 16, 1, 1, 442, 149, 0.638060, 0.111111, 176, 0, 0
1, 32, 8, 16, 1, 2, 442, 149, 0.638060, 0.111111, 176, 0, 0
1, 32, 8, 16, 1, 3, 442, 149, 0.638060, 0.111111, 176, 0, 0
1, 32, 8, 16, 1, 4, 442, 149, 0.638060, 0.111111, 176, 0, 0
1, 32, 8, 16, 1, 5, 442, 149, 0.638060, 0.111111, 176, 0, 0
1, 32, 8, 16, 1, 6, 442, 149, 0.638060, 0.111111, 176, 0, 0
1, 32, 8, 16, 1, 7, 442, 149, 0.638060, 0.111111, 176, 0, 0
1, 32, 8, 16, 1, 8, 442, 149, 0.638060, 0.111111, 176, 0, 0
1, 32, 8, 16, 2, 1, 426, 135, 0.526119, 0.111111, 158, 0, 0
1, 32, 8, 16, 2, 2, 426, 135, 0.526119, 0.111111, 158, 0, 0
1, 32, 8, 16, 2, 3, 425, 135, 0.528090, 0.111111, 158, 0, 0
1, 32, 8, 16, 2, 4, 425, 135, 0.528090, 0.111111, 158, 0, 0
1, 32, 8, 16, 2, 5, 425, 135, 0.528090, 0.111111, 158, 0, 0
1, 32, 8, 16, 2, 6, 425, 135, 0.528090, 0.111111, 158, 0, 0
1, 32, 8, 16, 2, 7, 401, 107, 0.504167, 0.111111, 161, 0, 0
1, 32, 8, 16, 2, 8, 401, 107, 0.504167, 0.111111, 161, 0, 0
1, 32, 8, 16, 3, 1, 433, 124, 0.341060, 0.238095, 131, 0, 0
1, 32, 8, 16, 3, 2, 433, 124, 0.341060, 0.238095, 131, 0, 0
1, 32, 8, 16, 3, 3, 434, 124, 0.341060, 0.238095, 132, 0, 0
1, 32, 8, 16, 3, 4, 434, 124, 0.341060, 0.238095, 132, 0, 0
1, 32, 8, 16, 3, 5, 434, 124, 0.341060, 0.238095, 132, 0, 0
1, 32, 8, 16, 3, 6, 434, 124, 0.341060, 0.238095, 132, 0, 0
1, 32, 8, 16, 3, 7, 400, 89, 0.304196, 0.272727, 111, 2, 0
1, 32, 8, 16, 3, 8, 400, 89, 0.304196, 0.272727, 111, 2, 0
1, 32, 8, 16, 4, 1, 440, 125, 0.260726, 0.238095, 137, 0, 0
1, 32, 8, 16, 4, 2, 440, 125, 0.260726, 0.238095, 137, 0, 0
1, 32, 8, 16, 4, 3, 441, 125, 0.260726, 0.238095, 138, 0, 0
1, 32, 8, 16, 4, 4, 441, 125, 0.260726, 0.238095, 138, 0, 0
1, 32, 8, 16, 4, 5, 441, 125, 0.260726, 0.238095, 138, 0, 0
1, 32, 8, 16, 4, 6, 441, 125, 0.260726, 0.238095, 138, 0, 0
1, 32, 8, 16, 4, 7, 406, 89, 0.260714, 0.238095, 112, 12, 0
1, 32, 8, 16, 4, 8, 406, 89, 0.260714, 0.238095, 112, 12, 0
1, 32, 8, 64, 1, 1, 322, 149, 0.761317, 0.157895, 90, 0, 0
1, 32, 8, 64, 1, 2, 322, 149, 0.761317, 0.157895, 90, 0, 0
1, 32, 8, 64, 1, 3, 315, 149, 0.767635, 0.157895, 83, 0, 0
1, 32, 8, 64, 1, 4, 315, 149, 0.767635, 0.157895, 83, 0, 0
1, 32, 8, 64, 1, 5, 315, 149, 0.767635, 0.157895, 83, 0, 0
1, 32, 8, 64, 1, 6, 315, 149, 0.767635, 0.157895, 83, 0, 0
1, 32, 8, 64, 1, 7, 315, 149, 0.767635, 0.157895, 83, 0, 0
1, 32, 8, 64, 1, 8, 315, 149, 0.767635, 0.157895, 83, 0, 0
1, 32, 8, 64, 2, 1, 314, 135, 0.684874, 0.157895, 87, 0, 0
1, 32, 8, 64, 2, 2, 314, 135, 0.684874, 0.157895, 87, 0, 0
1, 32, 8, 64, 2, 3, 313, 135, 0.684874, 0.157895, 84, 0, 0
1, 32, 8, 64, 2, 4, 313, 135, 0.684874, 0.157895, 84, 0, 0
1, 32, 8, 64, 2, 5, 313, 135, 0.684874, 0.157895, 84, 0, 0
1, 32, 8, 64, 2, 6, 313, 135, 0.684874, 0.157895, 84, 0, 0
1, 32, 8, 64, 2, 7, 277, 107, 0.665072, 0.238095, 69, 7, 0
1, 32, 8, 64, 2, 8, 277, 107, 0.665072, 0.238095, 69, 7, 0
1, 32, 8, 64, 3, 1, 308, 124, 0.650000, 0.238095, 58, 0, 0
1, 32, 8, 64, 3, 2, 308, 124, 0.650000, 0.238095, 58, 0, 0
1, 32, 8, 64, 3, 3, 308, 124, 0.650000, 0.238095, 58, 0, 0
1, 32, 8, 64, 3, 4, 308, 124, 0.650000, 0.238095, 58, 0, 0
1, 32, 8, 64, 3, 5, 308, 124, 0.650000, 0.238095, 58, 0, 0
1, 32, 8, 64, 3, 6, 308, 124, 0.650000, 0.238095, 58, 0, 0
1, 32, 8, 64, 3, 7, 272, 89, 0.622807, 0.304348, 39, 14, 0
1, 32, 8, 64, 3, 8, 272, 89, 0.622807, 0.304348, 39, 14, 0
1, 32, 8, 64, 4, 1, 314, 125, 0.606742, 0.238095, 60, 0, 0
1, 32, 8, 64, 4, 2, 314, 125, 0.606742, 0.238095, 60, 0, 0
1, 32, 8, 64, 4, 3, 314, 125, 0.606742, 0.238095, 60, 0, 0
1, 32, 8, 64, 4, 4, 314, 125, 0.606742, 0.238095, 60, 0, 0
1, 32, 8, 64, 4, 5, 314, 125, 0.606742, 0.238095, 60, 0, 0
1, 32, 8, 64, 4, 6, 314, 125, 0.606742, 0.238095, 60, 0, 0
1, 32, 8, 64, 4, 7, 274, 89, 0.587234, 0.238095, 12, 31, 0
1, 32, 8, 64, 4, 8, 274, 89, 0.587234, 0.238095, 12, 31, 0
1, 32, 16, 16, 1, 1, 442, 149, 0.638060, 0.111111, 176, 0, 0
1, 32, 16, 16, 1, 2, 442, 149, 0.638060, 0.111111, 176, 0, 0
1, 32, 16, 16, 1, 3, 442, 149, 0.638060, 0.111111, 176, 0, 0
1, 32, 16, 16, 1, 4, 442, 149, 0.638060, 0.111111, 176, 0, 0
1, 32, 16, 16, 1, 5, 442, 149, 0.638060, 0.111111, 176, 0, 0
1, 32, 16, 16, 1, 6, 442, 149, 0.638060, 0.111111, 176, 0, 0
1, 32, 16, 16, 1, 7, 442, 149, 0.638060, 0.111111, 176, 0, 0
1, 32, 16, 16, 1, 8, 442, 149, 0.638060, 0.111111, 176, 0, 0
1, 32, 16, 16, 2, 1, 426, 135, 0.526119, 0.111111, 158, 0, 0
1, 32, 16, 16, 2, 2, 426, 135, 0.526119, 0.111111, 158, 0, 0
1, 32, 16, 16, 2, 3, 425, 135, 0.528090, 0.111111, 158, 0, 0
1, 32, 16, 16, 2, 4, 425, 135, 0.528090, 0.111111, 158, 0, 0
1, 32, 16, 16, 2, 5, 425, 135, 0.528090, 0.111111, 158, 0, 0
1, 32, 16, 16, 2, 6, 425, 135, 0.528090, 0.111111, 158, 0, 0
1, 32, 16, 16, 2, 7, 401, 107, 0.504167, 0.111111, 161, 0, 0
1, 32, 16, 16, 2, 8, 401, 107, 0.504167, 0.111111, 161, 0, 0
1, 32, 16, 16, 3, 1, 433, 124, 0.341060, 0.238095, 131, 0, 0
1, 32, 16, 16, 3, 2, 433, 124, 0.341060, 0.238095, 131, 0, 0
1, 32, 16, 16, 3, 3, 434, 124, 0.341060, 0.238095, 132, 0, 0
1, 32, 16, 16, 3, 4, 434, 124, 0.341060, 0.238095, 132, 0, 0
1, 32, 16, 16, 3, 5, 434, 124, 0.341060, 0.238095, 132, 0, 0
1, 32, 16, 16, 3, 6, 434, 124, 0.341060, 0.238095, 132, 0, 0
1, 32, 16, 16, 3, 7, 399, 89, 0.304196, 0.272727, 111, 0, 0
1, 32, 16, 16, 3, 8, 399, 89, 0.304196, 0.272727, 111, 0, 0
1, 32, 16, 16, 4, 1, 440, 125, 0.260726, 0.238095, 137, 0, 0
1, 32, 16, 16, 4, 2, 440, 125, 0.260726, 0.238095, 137, 0, 0
1, 32, 16, 16, 4, 3, 441, 125, 0.260726, 0.238095, 138, 0, 0
1, 32, 16, 16, 4, 4, 441, 125, 0.260726, 0.238095, 138, 0, 0
1, 32, 16, 16, 4, 5, 441, 125, 0.260726, 0.238095, 138, 0, 0
1, 32, 16, 16, 4, 6, 441, 125, 0.260726, 0.238095, 138, 0, 0
1, 32, 16, 16, 4, 7, 407, 89, 0.260714, 0.238095, 126, 0, 0
1, 32, 16, 16, 4, 8, 407, 89, 0.260714, 0.238095, 126, 0, 0
1, 32, 16, 64, 1, 1, 322, 149, 0.761317, 0.157895, 90, 0, 0
1, 32, 16, 64, 1, 2, 322, 149, 0.761317, 0.157895, 90, 0, 0
1, 32, 16, 64, 1, 3, 315, 149, 0.767635, 0.157895, 83, 0, 0
1, 32, 16, 64, 1, 4, 315, 149, 0.767635, 0.157895, 83, 0, 0
1, 32, 16, 64, 1, 5, 315, 149, 0.767635, 0.157895, 83, 0, 0
1, 32, 16, 64, 1, 6, 315, 149, 0.767635, 0.157895, 83, 0, 0
1, 32, 16, 64, 1, 7, 315, 149, 0.767635, 0.157895, 83, 0, 0
1, 32, 16, 64, 1, 8, 315, 149, 0.767635, 0.157895, 83, 0, 0
1, 32, 16, 64, 2, 1, 314, 135, 0.684874, 0.157895, 87, 0, 0
1, 32, 16, 64, 2, 2, 314, 135, 0.684874, 0.157895, 87, 0, 0
1, 32, 16, 64, 2, 3, 313, 135, 0.684874, 0.157895, 84, 0, 0
1, 32, 16, 64, 2, 4, 313, 135, 0.684874, 0.157895, 84, 0, 0
1, 32, 16, 64, 2, 5, 313, 135, 0.684874, 0.157895, 84, 0, 0
1, 32, 16, 64, 2, 6, 313, 135, 0.684874, 0.157895, 84, 0, 0
1, 32, 16, 64, 2, 7, 276, 107, 0.665072, 0.272727, 76, 0, 0
1, 32, 16, 64, 2, 8, 276, 107, 0.665072, 0.272727, 76, 0, 0
1, 32, 16, 64, 3, 1, 308, 124, 0.650000, 0.238095, 58, 0, 0
1, 32, 16, 64, 3, 2, 308, 124, 0.650000, 0.238095, 58, 0, 0
1, 32, 16, 64, 3, 3, 308, 124, 0.650000, 0.238095, 58, 0, 0
1, 32, 16, 64, 3, 4, 308, 124, 0.650000, 0.238095, 58, 0, 0
1, 32, 16, 64, 3, 5, 308, 124, 0.650000, 0.238095, 58, 0, 0
1, 32, 16, 64, 3, 6, 308, 124, 0.650000, 0.238095, 58, 0, 0
1, 32, 16, 64, 3, 7, 279, 89, 0.622807, 0.272727, 62, 0, 0
1, 32, 16, 64, 3, 8, 279, 89, 0.622807, 0.272727, 62, 0, 0
1, 32, 16, 64, 4, 1, 314, 125, 0.606742, 0.238095, 60, 0, 0
1, 32, 16, 64, 4, 2, 314, 125, 0.606742, 0.238095, 60, 0, 0
1, 32, 16, 64, 4, 3, 314, 125, 0.606742, 0.238095, 60, 0, 0
1, 32, 16, 64, 4, 4, 314, 125, 0.606742, 0.238095, 60, 0, 0
1, 32, 16, 64, 4, 5, 314, 125, 0.606742, 0.238095, 60, 0, 0
1, 32, 16, 64, 4, 6, 314, 125, 0.606742, 0.238095, 60, 0, 0
1, 32, 16, 64, 4, 7, 274, 89, 0.587234, 0.238095, 49, 0, 0
1, 32, 16, 64, 4, 8, 274, 89, 0.587234, 0.238095, 49, 0, 0
2, 16, 8, 16, 1, 1, 359, 149, 0.521583, 0.111111, 198, 0, 0
2, 16, 8, 16, 1, 2, 359, 149, 0.521583, 0.111111, 198, 0, 0
2, 16, 8, 16, 1, 3, 358, 149, 0.521583, 0.111111, 197, 0, 0
2, 16, 8, 16, 1, 4, 358, 149, 0.521583, 0.111111, 197, 0, 0
2, 16, 8, 16, 1, 5, 358, 149, 0.521583, 0.111111, 197, 0, 0
2, 16, 8, 16, 1, 6, 358, 149, 0.521583, 0.111111, 197, 0, 0
2, 16, 8, 16, 1, 7, 358, 149, 0.521583, 0.111111, 197, 0, 0
2, 16, 8, 16, 1, 8, 358, 149, 0.521583, 0.111111, 197, 0, 0
2, 16, 8, 16, 2, 1, 345, 135, 0.496032, 0.111111, 197, 0, 0
2, 16, 8, 16, 2, 2, 345, 135, 0.496032, 0.111111, 197, 0, 0
2, 16, 8, 16, 2, 3, 345, 135, 0.496032, 0.111111, 197, 0, 0
2, 16, 8, 16, 2, 4, 345, 135, 0.496032, 0.111111, 197, 0, 0
2, 16, 8, 16, 2, 5, 345, 135, 0.496032, 0.111111, 197, 0, 0
2, 16, 8, 16, 2, 6, 345, 135, 0.496032, 0.111111, 197, 0, 0
2, 16, 8, 16, 2, 7, 339, 107, 0.446903, 0.111111, 204, 1, 0
2, 16, 8, 16, 2, 8, 339, 107, 0.446903, 0.111111, 204, 1, 0
2, 16, 8, 16, 3, 1, 353, 124, 0.359375, 0.238095, 198, 0, 0
2, 16, 8, 16, 3, 2, 353, 124, 0.359375, 0.238095, 198, 0, 0
2, 16, 8, 16, 3, 3, 353, 124, 0.359375, 0.238095, 198, 0, 0
2, 16, 8, 16, 3, 4, 353, 124, 0.359375, 0.238095, 198, 0, 0
2, 16, 8, 16, 3, 5, 353, 124, 0.359375, 0.238095, 198, 0, 0
2, 16, 8, 16, 3, 6, 353, 124, 0.359375, 0.238095, 198, 0, 0
2, 16, 8, 16, 3, 7, 338, 89, 0.400000, 0.238095, 202, 3, 0
2, 16, 8, 16, 3, 8, 338, 89, 0.400000, 0.238095, 202, 3, 0
2, 16, 8, 16, 4, 1, 363, 125, 0.233083, 0.200000, 199, 0, 0
2, 16, 8, 16, 4, 2, 363, 125, 0.233083, 0.200000, 199, 0, 0
2, 16, 8, 16, 4, 3, 363, 125, 0.233083, 0.200000, 199, 0, 0
2, 16, 8, 16, 4, 4, 363, 125, 0.233083, 0.200000, 199, 0, 0
2, 16, 8, 16, 4, 5, 363, 125, 0.233083, 0.200000, 199, 0, 0
2, 16, 8, 16, 4, 6, 363, 125, 0.233083, 0.200000, 199, 0, 0
2, 16, 8, 16, 4, 7, 337, 89, 0.324074, 0.238095, 202, 4, 0
2, 16, 8, 16, 4, 8, 337, 89, 0.324074, 0.238095, 202, 4, 0
2, 16, 8, 64, 1, 1, 228, 149, 0.690476, 0.200000, 106, 0, 0
2, 16, 8, 64, 1, 2, 228, 149, 0.690476, 0.200000, 106, 0, 0
2, 16, 8, 64, 1, 3, 228, 149, 0.690476, 0.200000, 106, 0, 0
2, 16, 8, 64, 1, 4, 228, 149, 0.690476, 0.200000, 106, 0, 0
2, 16, 8, 64, 1, 5, 228, 149, 0.690476, 0.200000, 106, 0, 0
2, 16, 8, 64, 1, 6, 228, 149, 0.690476, 0.200000, 106, 0, 0
2, 16, 8, 64, 1, 7, 228, 149, 0.690476, 0.200000, 106, 0, 0
2, 16, 8, 64, 1, 8, 228, 149, 0.690476, 0.200000, 106, 0, 0
2, 16, 8, 64, 2, 1, 215, 135, 0.649573, 0.200000, 102, 0, 0
2, 16, 8, 64, 2, 2, 215, 135, 0.649573, 0.200000, 102, 0, 0
2, 16, 8, 64, 2, 3, 215, 135, 0.649573, 0.200000, 102, 0, 0
2, 16, 8, 64, 2, 4, 215, 135, 0.649573, 0.200000, 102, 0, 0
2, 16, 8, 64, 2, 5, 215, 135, 0.649573, 0.200000, 102, 0, 0
2, 16, 8, 64, 2, 6, 215, 135, 0.649573, 0.200000, 102, 0, 0
2, 16, 8, 64, 2, 7, 211, 107, 0.615385, 0.238095, 110, 1, 0
2, 16, 8, 64, 2, 8, 211, 107, 0.615385, 0.238095, 110, 1, 0
2, 16, 8, 64, 3, 1, 219, 124, 0.548780, 0.304348, 103, 0, 0
2, 16, 8, 64, 3, 2, 219, 124, 0.548780, 0.304348, 103, 0, 0
2, 16, 8, 64, 3, 3, 219, 124, 0.548780, 0.304348, 103, 0, 0
2, 16, 8, 64, 3, 4, 219, 124, 0.548780, 0.304348, 103, 0, 0
2, 16, 8, 64, 3, 5, 219, 124, 0.548780, 0.304348, 103, 0, 0
2, 16, 8, 64, 3, 6, 219, 124, 0.548780, 0.304348, 103, 0, 0
2, 16, 8, 64, 3, 7, 209, 89, 0.509346, 0.360000, 107, 3, 0
2, 16, 8, 64, 3, 8, 209, 89, 0.509346, 0.360000, 107, 3, 0
2, 16, 8, 64, 4, 1, 221, 125, 0.504032, 0.304348, 104, 0, 0
2, 16, 8, 64, 4, 2, 221, 125, 0.504032, 0.304348, 104, 0, 0
2, 16, 8, 64, 4, 3, 222, 125, 0.504032, 0.304348, 105, 0, 0
2, 16, 8, 64, 4, 4, 222, 125, 0.504032, 0.304348, 105, 0, 0
2, 16, 8, 64, 4, 5, 222, 125, 0.504032, 0.304348, 105, 0, 0
2, 16, 8, 64, 4, 6, 222, 125, 0.504032, 0.304348, 105, 0, 0
2, 16, 8, 64, 4, 7, 206, 89, 0.466981, 0.360000, 105, 4, 0
2, 16, 8, 64, 4, 8, 206, 89, 0.466981, 0.360000, 105, 4, 0
2, 16, 16, 16, 1, 1, 359, 149, 0.521583, 0.111111, 198, 0, 0
2, 16, 16, 16, 1, 2, 359, 149, 0.521583, 0.111111, 198, 0, 0
2, 16, 16, 16, 1, 3, 358, 149, 0.521583, 0.111111, 197, 0, 0
2, 16, 16, 16, 1, 4, 358, 149, 0.521583, 0.111111, 197, 0, 0
2, 16, 16, 16, 1, 5, 358, 149, 0.521583, 0.111111, 197, 0, 0
2, 16, 16, 16, 1, 6, 358, 149, 0.521583, 0.111111, 197, 0, 0
2, 16, 16, 16, 1, 7, 358, 149, 0.521583, 0.111111, 197, 0, 0
2, 16, 16, 16, 1, 8, 358, 149, 0.521583, 0.111111, 197, 0, 0
2, 16, 16, 16, 2, 1, 345, 135, 0.496032, 0.111111, 197, 0, 0
2, 16, 16, 16, 2, 2, 345, 135, 0.496032, 0.111111, 197, 0, 0
2, 16, 16, 16, 2, 3, 345, 135, 0.496032, 0.111111, 197, 0, 0
2, 16, 16, 16, 2, 4, 345, 135, 0.496032, 0.111111, 197, 0, 0
2, 16, 16, 16, 2, 5, 345, 135, 0.496032, 0.111111, 197, 0, 0
2, 16, 16, 16, 2, 6, 345, 135, 0.496032, 0.111111, 197, 0, 0
2, 16, 16, 16, 2, 7, 339, 107, 0.446903, 0.111111, 204, 0, 0
2, 16, 16, 16, 2, 8, 339, 107, 0.446903, 0.111111, 204, 0, 0
2, 16, 16, 16, 3, 1, 353, 124, 0.359375, 0.238095, 198, 0, 0
2, 16, 16, 16, 3, 2, 353, 124, 0.359375, 0.238095, 198, 0, 0
2, 16, 16, 16, 3, 3, 353, 124, 0.359375, 0.238095, 198, 0, 0
2, 16, 16, 16, 3, 4, 353, 124, 0.359375, 0.238095, 198, 0, 0
2, 16, 16, 16, 3, 5, 353, 124, 0.359375, 0.238095, 198, 0, 0
2, 16, 16, 16, 3, 6, 353, 124, 0.359375, 0.238095, 198, 0, 0
2, 16, 16, 16, 3, 7, 338, 89, 0.400000, 0.238095, 204, 0, 0
2, 16, 16, 16, 3, 8, 338, 89, 0.400000, 0.238095, 204, 0, 0
2, 16, 16, 16, 4, 1, 363, 125, 0.233083, 0.200000, 199, 0, 0
2, 16, 16, 16, 4, 2, 363, 125, 0.233083, 0.200000, 199, 0, 0
2, 16, 16, 16, 4, 3, 363, 125, 0.233083, 0.200000, 199, 0, 0
2, 16, 16, 16, 4, 4, 363, 125, 0.233083, 0.200000, 199, 0, 0
2, 16, 16, 16, 4, 5, 363, 125, 0.233083, 0.200000, 199, 0, 0
2, 16, 16, 16, 4, 6, 363, 125, 0.233083, 0.200000, 199, 0, 0
2, 16, 16, 16, 4, 7, 337, 89, 0.324074, 0.238095, 204, 0, 0
2, 16, 16, 16, 4, 8, 337, 89, 0.324074, 0.238095, 204, 0, 0
2, 16, 16, 64, 1, 1, 228, 149, 0.690476, 0.200000, 106, 0, 0
2, 16, 16, 64, 1, 2, 228, 149, 0.690476, 0.200000, 106, 0, 0
2, 16, 16, 64, 1, 3, 228, 149, 0.690476, 0.200000, 106, 0, 0
2, 16, 16, 64, 1, 4, 228, 149, 0.690476, 0.200000, 106, 0, 0
2, 16, 16, 64, 1, 5, 228, 149, 0.690476, 0.200000, 106, 0, 0
2, 16, 16, 64, 1, 6, 228, 149, 0.690476, 0.200000, 106, 0, 0
2, 16, 16, 64, 1, 7, 228, 149, 0.690476, 0.200000, 106, 0, 0
2, 16, 16, 64, 1, 8, 228, 149, 0.690476, 0.200000, 106, 0, 0
2, 16, 16, 64, 2, 1, 215, 135, 0.649573, 0.200000, 102, 0, 0
2, 16, 16, 64, 2, 2, 215, 135, 0.649573, 0.200000, 102, 0, 0
2, 16, 16, 64, 2, 3, 215, 135, 0.649573, 0.200000, 102, 0, 0
2, 16, 16, 64, 2, 4, 215, 135, 0.649573, 0.200000, 102, 0, 0
2, 16, 16, 64, 2, 5, 215, 135, 0.649573, 0.200000, 102, 0, 0
2, 16, 16, 64, 2, 6, 215, 135, 0.649573, 0.200000, 102, 0, 0
2, 16, 16, 64, 2, 7, 211, 107, 0.615385, 0.238095, 111, 0, 0
2, 16, 16, 64, 2, 8, 211, 107, 0.615385, 0.238095, 111, 0, 0
2, 16, 16, 64, 3, 1, 219, 124, 0.548780, 0.304348, 103, 0, 0
2, 16, 16, 64, 3, 2, 219, 124, 0.548780, 0.304348, 103, 0, 0
2, 16, 16, 64, 3, 3, 219, 124, 0.548780, 0.304348, 103, 0, 0
2, 16, 16, 64, 3, 4, 219, 124, 0.548780, 0.304348, 103, 0, 0
2, 16, 16, 64, 3, 5, 219, 124, 0.548780, 0.304348, 103, 0, 0
2, 16, 16, 64, 3, 6, 219, 124, 0.548780, 0.304348, 103, 0, 0
2, 16, 16, 64, 3, 7, 209, 89, 0.509346, 0.360000, 109, 0, 0
2, 16, 16, 64, 3, 8, 209, 89, 0.509346, 0.360000, 109, 0, 0
2, 16, 16, 64, 4, 1, 221, 125, 0.504032, 0.304348, 104, 0, 0
2, 16, 16, 64, 4, 2, 221, 125, 0.504032, 0.304348, 104, 0, 0
2, 16, 16, 64, 4, 3, 222, 125, 0.504032, 0.304348, 105, 0, 0
2, 16, 16, 64, 4, 4, 222, 125, 0.504032, 0.304348, 105, 0, 0
2, 16, 16, 64, 4, 5, 222, 125, 0.504032, 0.304348, 105, 0, 0
2, 16, 16, 64, 4, 6, 222, 125, 0.504032, 0.304348, 105, 0, 0
2, 16, 16, 64, 4, 7, 206, 89, 0.466981, 0.360000, 107, 0, 0
2, 16, 16, 64, 4, 8, 206, 89, 0.466981, 0.360000, 107, 0, 0
2, 32, 8, 16, 1, 1, 359, 149, 0.547619, 0.111111, 188, 2, 0
2, 32, 8, 16, 1, 2, 359, 149, 0.547619, 0.111111, 188, 2, 0
2, 32, 8, 16, 1, 3, 358, 149, 0.547619, 0.111111, 188, 0, 0
2, 32, 8, 16, 1, 4, 358, 149, 0.547619, 0.111111, 188, 0, 0
2, 32, 8, 16, 1, 5, 358, 149, 0.547619, 0.111111, 188, 0, 0
2, 32, 8, 16, 1, 6, 358, 149, 0.547619, 0.111111, 188, 0, 0
2, 32, 8, 16, 1, 7, 358, 149, 0.547619, 0.111111, 188, 0, 0
2, 32, 8, 16, 1, 8, 358, 149, 0.547619, 0.111111, 188, 0, 0
2, 32, 8, 16, 2, 1, 345, 135, 0.476351, 0.111111, 166, 2, 0
2, 32, 8, 16, 2, 2, 345, 135, 0.476351, 0.111111, 166, 2, 0
2, 32, 8, 16, 2, 3, 346, 135, 0.476351, 0.111111, 168, 1, 0
2, 32, 8, 16, 2, 4, 346, 135, 0.476351, 0.111111, 168, 1, 0
2, 32, 8, 16, 2, 5, 346, 135, 0.476351, 0.111111, 168, 1, 0
2, 32, 8, 16, 2, 6, 346, 135, 0.476351, 0.111111, 168, 1, 0
2, 32, 8, 16, 2, 7, 339, 107, 0.433333, 0.111111, 169, 10, 0
2, 32, 8, 16, 2, 8, 339, 107, 0.433333, 0.111111, 169, 10, 0
2, 32, 8, 16, 3, 1, 359, 124, 0.312121, 0.238095, 146, 0, 0
2, 32, 8, 16, 3, 2, 359, 124, 0.312121, 0.238095, 146, 0, 0
2, 32, 8, 16, 3, 3, 359, 124, 0.312121, 0.238095, 146, 0, 0
2, 32, 8, 16, 3, 4, 359, 124, 0.312121, 0.238095, 146, 0, 0
2, 32, 8, 16, 3, 5, 359, 124, 0.312121, 0.238095, 146, 0, 0
2, 32, 8, 16, 3, 6, 359, 124, 0.312121, 0.238095, 146, 0, 0
2, 32, 8, 16, 3, 7, 349, 89, 0.258929, 0.238095, 115, 16, 0
2, 32, 8, 16, 3, 8, 349, 89, 0.258929, 0.238095, 115, 16, 0
2, 32, 8, 16, 4, 1, 362, 125, 0.237952, 0.238095, 147, 2, 0
2, 32, 8, 16, 4, 2, 362, 125, 0.237952, 0.238095, 147, 2, 0
2, 32, 8, 16, 4, 3, 361, 125, 0.237952, 0.238095, 147, 0, 0
2, 32, 8, 16, 4, 4, 361, 125, 0.237952, 0.238095, 147, 0, 0
2, 32, 8, 16, 4, 5, 361, 125, 0.237952, 0.238095, 147, 0, 0
2, 32, 8, 16, 4, 6, 361, 125, 0.237952, 0.238095, 147, 0, 0
2, 32, 8, 16, 4, 7, 347, 89, 0.228125, 0.238095, 115, 28, 29
2, 32, 8, 16, 4, 8, 347, 89, 0.228125, 0.238095, 115, 28, 29
2, 32, 8, 64, 1, 1, 229, 149, 0.708955, 0.200000, 93, 3, 0
2, 32, 8, 64, 1, 2, 229, 149, 0.708955, 0.200000, 93, 3, 0
2, 32, 8, 64, 1, 3, 229, 149, 0.708955, 0.200000, 96, 1, 0
2, 32, 8, 64, 1, 4, 229, 149, 0.708955, 0.200000, 96, 1, 0
2, 32, 8, 64, 1, 5, 229, 149, 0.708955, 0.200000, 96, 1, 0
2, 32, 8, 64, 1, 6, 229, 149, 0.708955, 0.200000, 96, 1, 0
2, 32, 8, 64, 1, 7, 229, 149, 0.708955, 0.200000, 96, 1, 0
2, 32, 8, 64, 1, 8, 229, 149, 0.708955, 0.200000, 96, 1, 0
2, 32, 8, 64, 2, 1, 221, 135, 0.631579, 0.200000, 83, 6, 0
2, 32, 8, 64, 2, 2, 221, 135, 0.631579, 0.200000, 83, 6, 0
2, 32, 8, 64, 2, 3, 219, 135, 0.636364, 0.200000, 82, 4, 0
2, 32, 8, 64, 2, 4, 219, 135, 0.636364, 0.200000, 82, 4, 0
2, 32, 8, 64, 2, 5, 219, 135, 0.636364, 0.200000, 82, 4, 0
2, 32, 8, 64, 2, 6, 219, 135, 0.636364, 0.200000, 82, 4, 0
2, 32, 8, 64, 2, 7, 211, 107, 0.600000, 0.238095, 77, 15, 0
2, 32, 8, 64, 2, 8, 211, 107, 0.600000, 0.238095, 77, 15, 0
2, 32, 8, 64, 3, 1, 220, 124, 0.616667, 0.333333, 61, 7, 0
2, 32, 8, 64, 3, 2, 220, 124, 0.616667, 0.333333, 61, 7, 0
2, 32, 8, 64, 3, 3, 220, 124, 0.616667, 0.333333, 57, 9, 0
2, 32, 8, 64, 3, 4, 220, 124, 0.616667, 0.333333, 57, 9, 0
2, 32, 8, 64, 3, 5, 220, 124, 0.616667, 0.333333, 57, 9, 0
2, 32, 8, 64, 3, 6, 220, 124, 0.616667, 0.333333, 57, 9, 0
2, 32, 8, 64, 3, 7, 210, 89, 0.611511, 0.360000, 31, 37, 0
2, 32, 8, 64, 3, 8, 210, 89, 0.611511, 0.360000, 31, 37, 0
2, 32, 8, 64, 4, 1, 223, 125, 0.582237, 0.304348, 62, 8, 0
2, 32, 8, 64, 4, 2, 223, 125, 0.582237, 0.304348, 62, 8, 0
2, 32, 8, 64, 4, 3, 224, 125, 0.582237, 0.304348, 63, 6, 0
2, 32, 8, 64, 4, 4, 224, 125, 0.582237, 0.304348, 63, 6, 0
2, 32, 8, 64, 4, 5, 224, 125, 0.582237, 0.304348, 63, 6, 0
2, 32, 8, 64, 4, 6, 224, 125, 0.582237, 0.304348, 63, 6, 0
2, 32, 8, 64, 4, 7, 206, 89, 0.586331, 0.360000, 9, 56, 0
2, 32, 8, 64, 4, 8, 206, 89, 0.586331, 0.360000, 9, 56, 0
2, 32, 16, 16, 1, 1, 359, 149, 0.547619, 0.111111, 189, 0, 0
2, 32, 16, 16, 1, 2, 359, 149, 0.547619, 0.111111, 189, 0, 0
2, 32, 16, 16, 1, 3, 358, 149, 0.547619, 0.111111, 188, 0, 0
2, 32, 16, 16, 1, 4, 358, 149, 0.547619, 0.111111, 188, 0, 0
2, 32, 16, 16, 1, 5, 358, 149, 0.547619, 0.111111, 188, 0, 0
2, 32, 16, 16, 1, 6, 358, 149, 0.547619, 0.111111, 188, 0, 0
2, 32, 16, 16, 1, 7, 358, 149, 0.547619, 0.111111, 188, 0, 0
2, 32, 16, 16, 1, 8, 358, 149, 0.547619, 0.111111, 188, 0, 0
2, 32, 16, 16, 2, 1, 346, 135, 0.476351, 0.111111, 169, 0, 0
2, 32, 16, 16, 2, 2, 346, 135, 0.476351, 0.111111, 169, 0, 0
2, 32, 16, 16, 2, 3, 345, 135, 0.476351, 0.111111, 168, 0, 0
2, 32, 16, 16, 2, 4, 345, 135, 0.476351, 0.111111, 168, 0, 0
2, 32, 16, 16, 2, 5, 345, 135, 0.476351, 0.111111, 168, 0, 0
2, 32, 16, 16, 2, 6, 345, 135, 0.476351, 0.111111, 168, 0, 0
2, 32, 16, 16, 2, 7, 339, 107, 0.433333, 0.111111, 175, 0, 0
2, 32, 16, 16, 2, 8, 339, 107, 0.433333, 0.111111, 175, 0, 0
2, 32, 16, 16, 3, 1, 359, 124, 0.312121, 0.238095, 146, 0, 0
2, 32, 16, 16, 3, 2, 359, 124, 0.312121, 0.238095, 146, 0, 0
2, 32, 16, 16, 3, 3, 359, 124, 0.312121, 0.238095, 146, 0, 0
2, 32, 16, 16, 3, 4, 359, 124, 0.312121, 0.238095, 146, 0, 0
2, 32, 16, 16, 3, 5, 359, 124, 0.312121, 0.238095, 146, 0, 0
2, 32, 16, 16, 3, 6, 359, 124, 0.312121, 0.238095, 146, 0, 0
2, 32, 16, 16, 3, 7, 350, 89, 0.258929, 0.238095, 131, 0, 0
2, 32, 16, 16, 3, 8, 350, 89, 0.258929, 0.238095, 131, 0, 0
2, 32, 16, 16, 4, 1, 362, 125, 0.237952, 0.238095, 148, 0, 0
2, 32, 16, 16, 4, 2, 362, 125, 0.237952, 0.238095, 148, 0, 0
2, 32, 16, 16, 4, 3, 361, 125, 0.237952, 0.238095, 147, 0, 0
2, 32, 16, 16, 4, 4, 361, 125, 0.237952, 0.238095, 147, 0, 0
2, 32, 16, 16, 4, 5, 361, 125, 0.237952, 0.238095, 147, 0, 0
2, 32, 16, 16, 4, 6, 361, 125, 0.237952, 0.238095, 147, 0, 0
2, 32, 16, 16, 4, 7, 348, 89, 0.228125, 0.238095, 136, 0, 43
2, 32, 16, 16, 4, 8, 348, 89, 0.228125, 0.238095, 136, 0, 43
2, 32, 16, 64, 1, 1, 229, 149, 0.708955, 0.200000, 97, 0, 0
2, 32, 16, 64, 1, 2, 229, 149, 0.708955, 0.200000, 97, 0, 0
2, 32, 16, 64, 1, 3, 229, 149, 0.708955, 0.200000, 97, 0, 0
2, 32, 16, 64, 1, 4, 229, 149, 0.708955, 0.200000, 97, 0, 0
2, 32, 16, 64, 1, 5, 229, 149, 0.708955, 0.200000, 97, 0, 0
2, 32, 16, 64, 1, 6, 229, 149, 0.708955, 0.200000, 97, 0, 0
2, 32, 16, 64, 1, 7, 229, 149, 0.708955, 0.200000, 97, 0, 0
2, 32, 16, 64, 1, 8, 229, 149, 0.708955, 0.200000, 97, 0, 0
2, 32, 16, 64, 2, 1, 221, 135, 0.631579, 0.200000, 88, 0, 0
2, 32, 16, 64, 2, 2, 221, 135, 0.631579, 0.200000, 88, 0, 0
2, 32, 16, 64, 2, 3, 220, 135, 0.636364, 0.200000, 88, 0, 0
2, 32, 16, 64, 2, 4, 220, 135, 0.636364, 0.200000, 88, 0, 0
2, 32, 16, 64, 2, 5, 220, 135, 0.636364, 0.200000, 88, 0, 0
2, 32, 16, 64, 2, 6, 220, 135, 0.636364, 0.200000, 88, 0, 0
2, 32, 16, 64, 2, 7, 211, 107, 0.600000, 0.238095, 91, 0, 0
2, 32, 16, 64, 2, 8, 211, 107, 0.600000, 0.238095, 91, 0, 0
2, 32, 16, 64, 3, 1, 220, 124, 0.616667, 0.333333, 69, 0, 0
2, 32, 16, 64, 3, 2, 220, 124, 0.616667, 0.333333, 69, 0, 0
2, 32, 16, 64, 3, 3, 220, 124, 0.616667, 0.333333, 69, 0, 0
2, 32, 16, 64, 3, 4, 220, 124, 0.616667, 0.333333, 69, 0, 0
2, 32, 16, 64, 3, 5, 220, 124, 0.616667, 0.333333, 69, 0, 0
2, 32, 16, 64, 3, 6, 220, 124, 0.616667, 0.333333, 69, 0, 0
2, 32, 16, 64, 3, 7, 211, 89, 0.602837, 0.360000, 68, 0, 0
2, 32, 16, 64, 3, 8, 211, 89, 0.602837, 0.360000, 68, 0, 0
2, 32, 16, 64, 4, 1, 223, 125, 0.582237, 0.304348, 70, 0, 0
2, 32, 16, 64, 4, 2, 223, 125, 0.582237, 0.304348, 70, 0, 0
2, 32, 16, 64, 4, 3, 223, 125, 0.582237, 0.304348, 70, 0, 0
2, 32, 16, 64, 4, 4, 223, 125, 0.582237, 0.304348, 70, 0, 0
2, 32, 16, 64, 4, 5, 223, 125, 0.582237, 0.304348, 70, 0, 0
2, 32, 16, 64, 4, 6, 223, 125, 0.582237, 0.304348, 70, 0, 0
2, 32, 16, 64, 4, 7, 207, 89, 0.581560, 0.360000, 60, 0, 18
2, 32, 16, 64, 4, 8, 207, 89, 0.581560, 0.360000, 60, 0, 18
3, 16, 8, 16, 1, 1, 330, 149, 0.534799, 0.111111, 195, 7, 0
3, 16, 8, 16, 1, 2, 330, 149, 0.534799, 0.111111, 195, 7, 0
3, 16, 8, 16, 1, 3, 330, 149, 0.534799, 0.111111, 196, 4, 0
3, 16, 8, 16, 1, 4, 330, 149, 0.534799, 0.111111, 196, 4, 0
3, 16, 8, 16, 1, 5, 330, 149, 0.534799, 0.111111, 196, 4, 0
3, 16, 8, 16, 1, 6, 330, 149, 0.534799, 0.111111, 196, 4, 0
3, 16, 8, 16, 1, 7, 330, 149, 0.534799, 0.111111, 196, 4, 0
3, 16, 8, 16, 1, 8, 330, 149, 0.534799, 0.111111, 196, 4, 0
3, 16, 8, 16, 2, 1, 330, 135, 0.504065, 0.111111, 205, 0, 0
3, 16, 8, 16, 2, 2, 330, 135, 0.504065, 0.111111, 205, 0, 0
3, 16, 8, 16, 2, 3, 330, 135, 0.504065, 0.111111, 205, 0, 0
3, 16, 8, 16, 2, 4, 330, 135, 0.504065, 0.111111, 205, 0, 0
3, 16, 8, 16, 2, 5, 330, 135, 0.504065, 0.111111, 205, 0, 0
3, 16, 8, 16, 2, 6, 330, 135, 0.504065, 0.111111, 205, 0, 0
3, 16, 8, 16, 2, 7, 319, 107, 0.450450, 0.111111, 201, 3, 0
3, 16, 8, 16, 2, 8, 319, 107, 0.450450, 0.111111, 201, 3, 0
3, 16, 8, 16, 3, 1, 334, 124, 0.412698, 0.238095, 201, 2, 0
3, 16, 8, 16, 3, 2, 334, 124, 0.412698, 0.238095, 201, 2, 0
3, 16, 8, 16, 3, 3, 334, 124, 0.412698, 0.238095, 201, 2, 0
3, 16, 8, 16, 3, 4, 334, 124, 0.412698, 0.238095, 201, 2, 0
3, 16, 8, 16, 3, 5, 334, 124, 0.412698, 0.238095, 201, 2, 0
3, 16, 8, 16, 3, 6, 334, 124, 0.412698, 0.238095, 201, 2, 0
3, 16, 8, 16, 3, 7, 322, 89, 0.424658, 0.238095, 200, 5, 0
3, 16, 8, 16, 3, 8, 322, 89, 0.424658, 0.238095, 200, 5, 0
3, 16, 8, 16, 4, 1, 342, 125, 0.282946, 0.200000, 198, 0, 0
3, 16, 8, 16, 4, 2, 342, 125, 0.282946, 0.200000, 198, 0, 0
3, 16, 8, 16, 4, 3, 342, 125, 0.282946, 0.200000, 198, 0, 0
3, 16, 8, 16, 4, 4, 342, 125, 0.282946, 0.200000, 198, 0, 0
3, 16, 8, 16, 4, 5, 342, 125, 0.282946, 0.200000, 198, 0, 0
3, 16, 8, 16, 4, 6, 342, 125, 0.282946, 0.200000, 198, 0, 0
3, 16, 8, 16, 4, 7, 321, 89, 0.371429, 0.238095, 192, 14, 0
3, 16, 8, 16, 4, 8, 321, 89, 0.371429, 0.238095, 192, 14, 0
3, 16, 8, 64, 1, 1, 199, 149, 0.714286, 0.333333, 104, 11, 0
3, 16, 8, 64, 1, 2, 199, 149, 0.714286, 0.333333, 104, 11, 0
3, 16, 8, 64, 1, 3, 200, 149, 0.714286, 0.333333, 106, 4, 0
3, 16, 8, 64, 1, 4, 200, 149, 0.714286, 0.333333, 106, 4, 0
3, 16, 8, 64, 1, 5, 200, 149, 0.714286, 0.333333, 106, 4, 0
3, 16, 8, 64, 1, 6, 200, 149, 0.714286, 0.333333, 106, 4, 0
3, 16, 8, 64, 1, 7, 200, 149, 0.714286, 0.333333, 106, 4, 0
3, 16, 8, 64, 1, 8, 200, 149, 0.714286, 0.333333, 106, 4, 0
3, 16, 8, 64, 2, 1, 199, 135, 0.679487, 0.238095, 111, 4, 0
3, 16, 8, 64, 2, 2, 199, 135, 0.679487, 0.238095, 111, 4, 0
3, 16, 8, 64, 2, 3, 199, 135, 0.679487, 0.238095, 111, 4, 0
3, 16, 8, 64, 2, 4, 199, 135, 0.679487, 0.238095, 111, 4, 0
3, 16, 8, 64, 2, 5, 199, 135, 0.679487, 0.238095, 111, 4, 0
3, 16, 8, 64, 2, 6, 199, 135, 0.679487, 0.238095, 111, 4, 0
3, 16, 8, 64, 2, 7, 188, 107, 0.652174, 0.304348, 107, 6, 0
3, 16, 8, 64, 2, 8, 188, 107, 0.652174, 0.304348, 107, 6, 0
3, 16, 8, 64, 3, 1, 201, 124, 0.534137, 0.333333, 100, 7, 0
3, 16, 8, 64, 3, 2, 201, 124, 0.534137, 0.333333, 100, 7, 0
3, 16, 8, 64, 3, 3, 200, 124, 0.534137, 0.333333, 101, 6, 0
3, 16, 8, 64, 3, 4, 200, 124, 0.534137, 0.333333, 101, 6, 0
3, 16, 8, 64, 3, 5, 200, 124, 0.534137, 0.333333, 101, 6, 0
3, 16, 8, 64, 3, 6, 200, 124, 0.534137, 0.333333, 101, 6, 0
3, 16, 8, 64, 3, 7, 191, 89, 0.486111, 0.428571, 100, 12, 0
3, 16, 8, 64, 3, 8, 191, 89, 0.486111, 0.428571, 100, 12, 0
3, 16, 8, 64, 4, 1, 200, 125, 0.500000, 0.360000, 99, 5, 0
3, 16, 8, 64, 4, 2, 200, 125, 0.500000, 0.360000, 99, 5, 0
3, 16, 8, 64, 4, 3, 200, 125, 0.500000, 0.360000, 99, 5, 0
3, 16, 8, 64, 4, 4, 200, 125, 0.500000, 0.360000, 99, 5, 0
3, 16, 8, 64, 4, 5, 200, 125, 0.500000, 0.360000, 99, 5, 0
3, 16, 8, 64, 4, 6, 200, 125, 0.500000, 0.360000, 99, 5, 0
3, 16, 8, 64, 4, 7, 190, 89, 0.439614, 0.466667, 100, 21, 0
3, 16, 8, 64, 4, 8, 190, 89, 0.439614, 0.466667, 100, 21, 0
3, 16, 16, 16, 1, 1, 330, 149, 0.534799, 0.111111, 196, 0, 0
3, 16, 16, 16, 1, 2, 330, 149, 0.534799, 0.111111, 196, 0, 0
3, 16, 16, 16, 1, 3, 330, 149, 0.534799, 0.111111, 196, 0, 0
3, 16, 16, 16, 1, 4, 330, 149, 0.534799, 0.111111, 196, 0, 0
3, 16, 16, 16, 1, 5, 330, 149, 0.534799, 0.111111, 196, 0, 0
3, 16, 16, 16, 1, 6, 330, 149, 0.534799, 0.111111, 196, 0, 0
3, 16, 16, 16, 1, 7, 330, 149, 0.534799, 0.111111, 196, 0, 0
3, 16, 16, 16, 1, 8, 330, 149, 0.534799, 0.111111, 196, 0, 0
3, 16, 16, 16, 2, 1, 330, 135, 0.504065, 0.111111, 205, 0, 0
3, 16, 16, 16, 2, 2, 330, 135, 0.504065, 0.111111, 205, 0, 0
3, 16, 16, 16, 2, 3, 330, 135, 0.504065, 0.111111, 205, 0, 0
3, 16, 16, 16, 2, 4, 330, 135, 0.504065, 0.111111, 205, 0, 0
3, 16, 16, 16, 2, 5, 330, 135, 0.504065, 0.111111, 205, 0, 0
3, 16, 16, 16, 2, 6, 330, 135, 0.504065, 0.111111, 205, 0, 0
3, 16, 16, 16, 2, 7, 319, 107, 0.450450, 0.111111, 203, 0, 0
3, 16, 16, 16, 2, 8, 319, 107, 0.450450, 0.111111, 203, 0, 0
3, 16, 16, 16, 3, 1, 334, 124, 0.412698, 0.238095, 201, 0, 0
3, 16, 16, 16, 3, 2, 334, 124, 0.412698, 0.238095, 201, 0, 0
3, 16, 16, 16, 3, 3, 334, 124, 0.412698, 0.238095, 201, 0, 0
3, 16, 16, 16, 3, 4, 334, 124, 0.412698, 0.238095, 201, 0, 0
3, 16, 16, 16, 3, 5, 334, 124, 0.412698, 0.238095, 201, 0, 0
3, 16, 16, 16, 3, 6, 334, 124, 0.412698, 0.238095, 201, 0, 0
3, 16, 16, 16, 3, 7, 322, 89, 0.424658, 0.238095, 203, 0, 0
3, 16, 16, 16, 3, 8, 322, 89, 0.424658, 0.238095, 203, 0, 0
3, 16, 16, 16, 4, 1, 342, 125, 0.282946, 0.200000, 198, 0, 0
3, 16, 16, 16, 4, 2, 342, 125, 0.282946, 0.200000, 198, 0, 0
3, 16, 16, 16, 4, 3, 342, 125, 0.282946, 0.200000, 198, 0, 0
3, 16, 16, 16, 4, 4, 342, 125, 0.282946, 0.200000, 198, 0, 0
3, 16, 16, 16, 4, 5, 342, 125, 0.282946, 0.200000, 198, 0, 0
3, 16, 16, 16, 4, 6, 342, 125, 0.282946, 0.200000, 198, 0, 0
3, 16, 16, 16, 4, 7, 321, 89, 0.371429, 0.238095, 203, 0, 0
3, 16, 16, 16, 4, 8, 321, 89, 0.371429, 0.238095, 203, 0, 0
3, 16, 16, 64, 1, 1, 200, 149, 0.714286, 0.333333, 106, 0, 0
3, 16, 16, 64, 1, 2, 200, 149, 0.714286, 0.333333, 106, 0, 0
3, 16, 16, 64, 1, 3, 200, 149, 0.714286, 0.333333, 106, 0, 0
3, 16, 16, 64, 1, 4, 200, 149, 0.714286, 0.333333, 106, 0, 0
3, 16, 16, 64, 1, 5, 200, 149, 0.714286, 0.333333, 106, 0, 0
3, 16, 16, 64, 1, 6, 200, 149, 0.714286, 0.333333, 106, 0, 0
3, 16, 16, 64, 1, 7, 200, 149, 0.714286, 0.333333, 106, 0, 0
3, 16, 16, 64, 1, 8, 200, 149, 0.714286, 0.333333, 106, 0, 0
3, 16, 16, 64, 2, 1, 200, 135, 0.679487, 0.238095, 113, 0, 0
3, 16, 16, 64, 2, 2, 200, 135, 0.679487, 0.238095, 113, 0, 0
3, 16, 16, 64, 2, 3, 200, 135, 0.679487, 0.238095, 113, 0, 0
3, 16, 16, 64, 2, 4, 200, 135, 0.679487, 0.238095, 113, 0, 0
3, 16, 16, 64, 2, 5, 200, 135, 0.679487, 0.238095, 113, 0, 0
3, 16, 16, 64, 2, 6, 200, 135, 0.679487, 0.238095, 113, 0, 0
3, 16, 16, 64, 2, 7, 188, 107, 0.652174, 0.304348, 109, 0, 0
3, 16, 16, 64, 2, 8, 188, 107, 0.652174, 0.304348, 109, 0, 0
3, 16, 16, 64, 3, 1, 202, 124, 0.527778, 0.333333, 104, 0, 0
3, 16, 16, 64, 3, 2, 202, 124, 0.527778, 0.333333, 104, 0, 0
3, 16, 16, 64, 3, 3, 201, 124, 0.527778, 0.333333, 103, 0, 0
3, 16, 16, 64, 3, 4, 201, 124, 0.527778, 0.333333, 103, 0, 0
3, 16, 16, 64, 3, 5, 201, 124, 0.527778, 0.333333, 103, 0, 0
3, 16, 16, 64, 3, 6, 201, 124, 0.527778, 0.333333, 103, 0, 0
3, 16, 16, 64, 3, 7, 192, 89, 0.486111, 0.428571, 107, 0, 0
3, 16, 16, 64, 3, 8, 192, 89, 0.486111, 0.428571, 107, 0, 0
3, 16, 16, 64, 4, 1, 201, 125, 0.500000, 0.360000, 102, 0, 0
3, 16, 16, 64, 4, 2, 201, 125, 0.500000, 0.360000, 102, 0, 0
3, 16, 16, 64, 4, 3, 201, 125, 0.500000, 0.360000, 102, 0, 0
3, 16, 16, 64, 4, 4, 201, 125, 0.500000, 0.360000, 102, 0, 0
3, 16, 16, 64, 4, 5, 201, 125, 0.500000, 0.360000, 102, 0, 0
3, 16, 16, 64, 4, 6, 201, 125, 0.500000, 0.360000, 102, 0, 0
3, 16, 16, 64, 4, 7, 190, 89, 0.449275, 0.466667, 109, 0, 0
3, 16, 16, 64, 4, 8, 190, 89, 0.449275, 0.466667, 109, 0, 0
3, 32, 8, 16, 1, 1, 330, 149, 0.563574, 0.111111, 182, 10, 0
3, 32, 8, 16, 1, 2, 330, 149, 0.563574, 0.111111, 182, 10, 0
3, 32, 8, 16, 1, 3, 330, 149, 0.563574, 0.111111, 184, 8, 0
3, 32, 8, 16, 1, 4, 330, 149, 0.563574, 0.111111, 184, 8, 0
3, 32, 8, 16, 1, 5, 330, 149, 0.563574, 0.111111, 184, 8, 0
3, 32, 8, 16, 1, 6, 330, 149, 0.563574, 0.111111, 184, 8, 0
3, 32, 8, 16, 1, 7, 330, 149, 0.563574, 0.111111, 184, 8, 0
3, 32, 8, 16, 1, 8, 330, 149, 0.563574, 0.111111, 184, 8, 0
3, 32, 8, 16, 2, 1, 330, 135, 0.487973, 0.111111, 170, 9, 0
3, 32, 8, 16, 2, 2, 330, 135, 0.487973, 0.111111, 170, 9, 0
3, 32, 8, 16, 2, 3, 330, 135, 0.487973, 0.111111, 172, 8, 0
3, 32, 8, 16, 2, 4, 330, 135, 0.487973, 0.111111, 172, 8, 0
3, 32, 8, 16, 2, 5, 330, 135, 0.487973, 0.111111, 172, 8, 0
3, 32, 8, 16, 2, 6, 330, 135, 0.487973, 0.111111, 172, 8, 0
3, 32, 8, 16, 2, 7, 319, 107, 0.446970, 0.111111, 161, 16, 0
3, 32, 8, 16, 2, 8, 319, 107, 0.446970, 0.111111, 161, 16, 0
3, 32, 8, 16, 3, 1, 341, 124, 0.323988, 0.238095, 143, 9, 0
3, 32, 8, 16, 3, 2, 341, 124, 0.323988, 0.238095, 143, 9, 0
3, 32, 8, 16, 3, 3, 341, 124, 0.323988, 0.238095, 144, 7, 0
3, 32, 8, 16, 3, 4, 341, 124, 0.323988, 0.238095, 144, 7, 0
3, 32, 8, 16, 3, 5, 341, 124, 0.323988, 0.238095, 144, 7, 0
3, 32, 8, 16, 3, 6, 341, 124, 0.323988, 0.238095, 144, 7, 0
3, 32, 8, 16, 3, 7, 332, 89, 0.287582, 0.238095, 82, 28, 36
3, 32, 8, 16, 3, 8, 332, 89, 0.287582, 0.238095, 82, 28, 36
3, 32, 8, 16, 4, 1, 340, 125, 0.252336, 0.238095, 140, 8, 0
3, 32, 8, 16, 4, 2, 340, 125, 0.252336, 0.238095, 140, 8, 0
3, 32, 8, 16, 4, 3, 340, 125, 0.252336, 0.238095, 140, 7, 0
3, 32, 8, 16, 4, 4, 340, 125, 0.252336, 0.238095, 140, 7, 0
3, 32, 8, 16, 4, 5, 340, 125, 0.252336, 0.238095, 140, 7, 0
3, 32, 8, 16, 4, 6, 340, 125, 0.252336, 0.238095, 140, 7, 0
3, 32, 8, 16, 4, 7, 331, 89, 0.263158, 0.238095, 64, 34, 73
3, 32, 8, 16, 4, 8, 331, 89, 0.263158, 0.238095, 64, 34, 73
3, 32, 8, 64, 1, 1, 199, 149, 0.733333, 0.238095, 82, 19, 0
3, 32, 8, 64, 1, 2, 199, 149, 0.733333, 0.238095, 82, 19, 0
3, 32, 8, 64, 1, 3, 200, 149, 0.733333, 0.238095, 85, 17, 0
3, 32, 8, 64, 1, 4, 200, 149, 0.733333, 0.238095, 85, 17, 0
3, 32, 8, 64, 1, 5, 200, 149, 0.733333, 0.238095, 85, 17, 0
3, 32, 8, 64, 1, 6, 200, 149, 0.733333, 0.238095, 85, 17, 0
3, 32, 8, 64, 1, 7, 200, 149, 0.733333, 0.238095, 85, 17, 0
3, 32, 8, 64, 1, 8, 200, 149, 0.733333, 0.238095, 85, 17, 0
3, 32, 8, 64, 2, 1, 199, 135, 0.659091, 0.238095, 75, 20, 0
3, 32, 8, 64, 2, 2, 199, 135, 0.659091, 0.238095, 75, 20, 0
3, 32, 8, 64, 2, 3, 199, 135, 0.659091, 0.238095, 80, 16, 0
3, 32, 8, 64, 2, 4, 199, 135, 0.659091, 0.238095, 80, 16, 0
3, 32, 8, 64, 2, 5, 199, 135, 0.659091, 0.238095, 80, 16, 0
3, 32, 8, 64, 2, 6, 199, 135, 0.659091, 0.238095, 80, 16, 0
3, 32, 8, 64, 2, 7, 189, 107, 0.632911, 0.304348, 49, 52, 0
3, 32, 8, 64, 2, 8, 189, 107, 0.632911, 0.304348, 49, 52, 0
3, 32, 8, 64, 3, 1, 200, 124, 0.570513, 0.333333, 50, 25, 0
3, 32, 8, 64, 3, 2, 200, 124, 0.570513, 0.333333, 50, 25, 0
3, 32, 8, 64, 3, 3, 200, 124, 0.570513, 0.333333, 51, 24, 0
3, 32, 8, 64, 3, 4, 200, 124, 0.570513, 0.333333, 51, 24, 0
3, 32, 8, 64, 3, 5, 200, 124, 0.570513, 0.333333, 51, 24, 0
3, 32, 8, 64, 3, 6, 200, 124, 0.570513, 0.333333, 51, 24, 0
3, 32, 8, 64, 3, 7, 191, 89, 0.554348, 0.428571, 3, 73, 0
3, 32, 8, 64, 3, 8, 191, 89, 0.554348, 0.428571, 3, 73, 0
3, 32, 8, 64, 4, 1, 200, 125, 0.536508, 0.360000, 42, 31, 0
3, 32, 8, 64, 4, 2, 200, 125, 0.536508, 0.360000, 42, 31, 0
3, 32, 8, 64, 4, 3, 200, 125, 0.536508, 0.360000, 42, 31, 0
3, 32, 8, 64, 4, 4, 200, 125, 0.536508, 0.360000, 42, 31, 0
3, 32, 8, 64, 4, 5, 200, 125, 0.536508, 0.360000, 42, 31, 0
3, 32, 8, 64, 4, 6, 200, 125, 0.536508, 0.360000, 42, 31, 0
3, 32, 8, 64, 4, 7, 190, 89, 0.505618, 0.466667, 4, 78, 0
3, 32, 8, 64, 4, 8, 190, 89, 0.505618, 0.466667, 4, 78, 0
3, 32, 16, 16, 1, 1, 330, 149, 0.563574, 0.111111, 190, 0, 0
3, 32, 16, 16, 1, 2, 330, 149, 0.563574, 0.111111, 190, 0, 0
3, 32, 16, 16, 1, 3, 330, 149, 0.563574, 0.111111, 190, 0, 0
3, 32, 16, 16, 1, 4, 330, 149, 0.563574, 0.111111, 190, 0, 0
3, 32, 16, 16, 1, 5, 330, 149, 0.563574, 0.111111, 190, 0, 0
3, 32, 16, 16, 1, 6, 330, 149, 0.563574, 0.111111, 190, 0, 0
3, 32, 16, 16, 1, 7, 330, 149, 0.563574, 0.111111, 190, 0, 0
3, 32, 16, 16, 1, 8, 330, 149, 0.563574, 0.111111, 190, 0, 0
3, 32, 16, 16, 2, 1, 330, 135, 0.487973, 0.111111, 177, 0, 0
3, 32, 16, 16, 2, 2, 330, 135, 0.487973, 0.111111, 177, 0, 0
3, 32, 16, 16, 2, 3, 330, 135, 0.487973, 0.111111, 177, 0, 0
3, 32, 16, 16, 2, 4, 330, 135, 0.487973, 0.111111, 177, 0, 0
3, 32, 16, 16, 2, 5, 330, 135, 0.487973, 0.111111, 177, 0, 0
3, 32, 16, 16, 2, 6, 330, 135, 0.487973, 0.111111, 177, 0, 0
3, 32, 16, 16, 2, 7, 319, 107, 0.446970, 0.111111, 176, 0, 1
3, 32, 16, 16, 2, 8, 319, 107, 0.446970, 0.111111, 176, 0, 1
3, 32, 16, 16, 3, 1, 341, 124, 0.323988, 0.238095, 148, 0, 0
3, 32, 16, 16, 3, 2, 341, 124, 0.323988, 0.238095, 148, 0, 0
3, 32, 16, 16, 3, 3, 341, 124, 0.323988, 0.238095, 148, 0, 0
3, 32, 16, 16, 3, 4, 341, 124, 0.323988, 0.238095, 148, 0, 0
3, 32, 16, 16, 3, 5, 341, 124, 0.323988, 0.238095, 148, 0, 0
3, 32, 16, 16, 3, 6, 341, 124, 0.323988, 0.238095, 148, 0, 0
3, 32, 16, 16, 3, 7, 332, 89, 0.277778, 0.238095, 92, 0, 50
3, 32, 16, 16, 3, 8, 332, 89, 0.277778, 0.238095, 92, 0, 50
3, 32, 16, 16, 4, 1, 340, 125, 0.252336, 0.238095, 146, 0, 0
3, 32, 16, 16, 4, 2, 340, 125, 0.252336, 0.238095, 146, 0, 0
3, 32, 16, 16, 4, 3, 340, 125, 0.252336, 0.238095, 146, 0, 0
3, 32, 16, 16, 4, 4, 340, 125, 0.252336, 0.238095, 146, 0, 0
3, 32, 16, 16, 4, 5, 340, 125, 0.252336, 0.238095, 146, 0, 0
3, 32, 16, 16, 4, 6, 340, 125, 0.252336, 0.238095, 146, 0, 0
3, 32, 16, 16, 4, 7, 331, 89, 0.263158, 0.238095, 71, 0, 90
3, 32, 16, 16, 4, 8, 331, 89, 0.263158, 0.238095, 71, 0, 90
3, 32, 16, 64, 1, 1, 200, 149, 0.733333, 0.238095, 100, 0, 0
3, 32, 16, 64, 1, 2, 200, 149, 0.733333, 0.238095, 100, 0, 0
3, 32, 16, 64, 1, 3, 200, 149, 0.733333, 0.238095, 100, 0, 0
3, 32, 16, 64, 1, 4, 200, 149, 0.733333, 0.238095, 100, 0, 0
3, 32, 16, 64, 1, 5, 200, 149, 0.733333, 0.238095, 100, 0, 0
3, 32, 16, 64, 1, 6, 200, 149, 0.733333, 0.238095, 100, 0, 0
3, 32, 16, 64, 1, 7, 200, 149, 0.733333, 0.238095, 100, 0, 0
3, 32, 16, 64, 1, 8, 200, 149, 0.733333, 0.238095, 100, 0, 0
3, 32, 16, 64, 2, 1, 200, 135, 0.659091, 0.238095, 97, 0, 0
3, 32, 16, 64, 2, 2, 200, 135, 0.659091, 0.238095, 97, 0, 0
3, 32, 16, 64, 2, 3, 200, 135, 0.659091, 0.238095, 97, 0, 0
3, 32, 16, 64, 2, 4, 200, 135, 0.659091, 0.238095, 97, 0, 0
3, 32, 16, 64, 2, 5, 200, 135, 0.659091, 0.238095, 97, 0, 0
3, 32, 16, 64, 2, 6, 200, 135, 0.659091, 0.238095, 97, 0, 0
3, 32, 16, 64, 2, 7, 188, 107, 0.632911, 0.304348, 93, 0, 0
3, 32, 16, 64, 2, 8, 188, 107, 0.632911, 0.304348, 93, 0, 0
3, 32, 16, 64, 3, 1, 201, 124, 0.571429, 0.333333, 75, 0, 0
3, 32, 16, 64, 3, 2, 201, 124, 0.571429, 0.333333, 75, 0, 0
3, 32, 16, 64, 3, 3, 201, 124, 0.571429, 0.333333, 75, 0, 0
3, 32, 16, 64, 3, 4, 201, 124, 0.571429, 0.333333, 75, 0, 0
3, 32, 16, 64, 3, 5, 201, 124, 0.571429, 0.333333, 75, 0, 0
3, 32, 16, 64, 3, 6, 201, 124, 0.571429, 0.333333, 75, 0, 0
3, 32, 16, 64, 3, 7, 192, 89, 0.558923, 0.428571, 48, 0, 24
3, 32, 16, 64, 3, 8, 192, 89, 0.558923, 0.428571, 48, 0, 24
3, 32, 16, 64, 4, 1, 200, 125, 0.536508, 0.360000, 73, 0, 0
3, 32, 16, 64, 4, 2, 200, 125, 0.536508, 0.360000, 73, 0, 0
3, 32, 16, 64, 4, 3, 200, 125, 0.536508, 0.360000, 73, 0, 0
3, 32, 16, 64, 4, 4, 200, 125, 0.536508, 0.360000, 73, 0, 0
3, 32, 16, 64, 4, 5, 200, 125, 0.536508, 0.360000, 73, 0, 0
3, 32, 16, 64, 4, 6, 200, 125, 0.536508, 0.360000, 73, 0, 0
3, 32, 16, 64, 4, 7, 190, 89, 0.534050, 0.466667, 30, 0, 44
3, 32, 16, 64, 4, 8, 190, 89, 0.534050, 0.466667, 30, 0, 44
4, 16, 8, 16, 1, 1, 318, 149, 0.582031, 0.111111, 193, 21, 0
4, 16, 8, 16, 1, 2, 318, 149, 0.582031, 0.111111, 193, 21, 0
4, 16, 8, 16, 1, 3, 318, 149, 0.582031, 0.111111, 193, 15, 0
4, 16, 8, 16, 1, 4, 318, 149, 0.582031, 0.111111, 193, 15, 0
4, 16, 8, 16, 1, 5, 318, 149, 0.582031, 0.111111, 193, 15, 0
4, 16, 8, 16, 1, 6, 318, 149, 0.582031, 0.111111, 193, 15, 0
4, 16, 8, 16, 1, 7, 318, 149, 0.582031, 0.111111, 193, 15, 0
4, 16, 8, 16, 1, 8, 318, 149, 0.582031, 0.111111, 193, 15, 0
4, 16, 8, 16, 2, 1, 317, 135, 0.620690, 0.111111, 212, 13, 0
4, 16, 8, 16, 2, 2, 317, 135, 0.620690, 0.111111, 212, 13, 0
4, 16, 8, 16, 2, 3, 317, 135, 0.620690, 0.111111, 212, 8, 0
4, 16, 8, 16, 2, 4, 317, 135, 0.620690, 0.111111, 212, 8, 0
4, 16, 8, 16, 2, 5, 317, 135, 0.620690, 0.111111, 212, 8, 0
4, 16, 8, 16, 2, 6, 317, 135, 0.620690, 0.111111, 212, 8, 0
4, 16, 8, 16, 2, 7, 312, 107, 0.481481, 0.111111, 201, 8, 0
4, 16, 8, 16, 2, 8, 312, 107, 0.481481, 0.111111, 201, 8, 0
4, 16, 8, 16, 3, 1, 327, 124, 0.403226, 0.238095, 189, 12, 0
4, 16, 8, 16, 3, 2, 327, 124, 0.403226, 0.238095, 189, 12, 0
4, 16, 8, 16, 3, 3, 327, 124, 0.403226, 0.238095, 189, 8, 0
4, 16, 8, 16, 3, 4, 327, 124, 0.403226, 0.238095, 189, 8, 0
4, 16, 8, 16, 3, 5, 327, 124, 0.403226, 0.238095, 189, 8, 0
4, 16, 8, 16, 3, 6, 327, 124, 0.403226, 0.238095, 189, 8, 0
4, 16, 8, 16, 3, 7, 318, 89, 0.443396, 0.238095, 201, 14, 0
4, 16, 8, 16, 3, 8, 318, 89, 0.443396, 0.238095, 201, 14, 0
4, 16, 8, 16, 4, 1, 336, 125, 0.290323, 0.238095, 191, 8, 0
4, 16, 8, 16, 4, 2, 336, 125, 0.290323, 0.238095, 191, 8, 0
4, 16, 8, 16, 4, 3, 336, 125, 0.290323, 0.238095, 191, 6, 0
4, 16, 8, 16, 4, 4, 336, 125, 0.290323, 0.238095, 191, 6, 0
4, 16, 8, 16, 4, 5, 336, 125, 0.290323, 0.238095, 191, 6, 0
4, 16, 8, 16, 4, 6, 336, 125, 0.290323, 0.238095, 191, 6, 0
4, 16, 8, 16, 4, 7, 317, 89, 0.400000, 0.238095, 195, 20, 0
4, 16, 8, 16, 4, 8, 317, 89, 0.400000, 0.238095, 195, 20, 0
4, 16, 8, 64, 1, 1, 193, 149, 0.741935, 0.483871, 104, 22, 0
4, 16, 8, 64, 1, 2, 193, 149, 0.741935, 0.483871, 104, 22, 0
4, 16, 8, 64, 1, 3, 193, 149, 0.741935, 0.483871, 104, 22, 0
4, 16, 8, 64, 1, 4, 193, 149, 0.741935, 0.483871, 104, 22, 0
4, 16, 8, 64, 1, 5, 193, 149, 0.741935, 0.483871, 104, 22, 0
4, 16, 8, 64, 1, 6, 193, 149, 0.741935, 0.483871, 104, 22, 0
4, 16, 8, 64, 1, 7, 193, 149, 0.741935, 0.483871, 104, 22, 0
4, 16, 8, 64, 1, 8, 193, 149, 0.741935, 0.483871, 104, 22, 0
4, 16, 8, 64, 2, 1, 186, 135, 0.719298, 0.272727, 112, 14, 0
4, 16, 8, 64, 2, 2, 186, 135, 0.719298, 0.272727, 112, 14, 0
4, 16, 8, 64, 2, 3, 186, 135, 0.719298, 0.272727, 112, 11, 0
4, 16, 8, 64, 2, 4, 186, 135, 0.719298, 0.272727, 112, 11, 0
4, 16, 8, 64, 2, 5, 186, 135, 0.719298, 0.272727, 112, 11, 0
4, 16, 8, 64, 2, 6, 186, 135, 0.719298, 0.272727, 112, 11, 0
4, 16, 8, 64, 2, 7, 181, 107, 0.666667, 0.360000, 101, 15, 0
4, 16, 8, 64, 2, 8, 181, 107, 0.666667, 0.360000, 101, 15, 0
4, 16, 8, 64, 3, 1, 193, 124, 0.528689, 0.360000, 101, 15, 0
4, 16, 8, 64, 3, 2, 193, 124, 0.528689, 0.360000, 101, 15, 0
4, 16, 8, 64, 3, 3, 193, 124, 0.528689, 0.360000, 101, 12, 0
4, 16, 8, 64, 3, 4, 193, 124, 0.528689, 0.360000, 101, 12, 0
4, 16, 8, 64, 3, 5, 193, 124, 0.528689, 0.360000, 101, 12, 0
4, 16, 8, 64, 3, 6, 193, 124, 0.528689, 0.360000, 101, 12, 0
4, 16, 8, 64, 3, 7, 187, 89, 0.475490, 0.483871, 100, 21, 0
4, 16, 8, 64, 3, 8, 187, 89, 0.475490, 0.483871, 100, 21, 0
4, 16, 8, 64, 4, 1, 193, 125, 0.504098, 0.407407, 101, 15, 0
4, 16, 8, 64, 4, 2, 193, 125, 0.504098, 0.407407, 101, 15, 0
4, 16, 8, 64, 4, 3, 193, 125, 0.504098, 0.407407, 101, 14, 0
4, 16, 8, 64, 4, 4, 193, 125, 0.504098, 0.407407, 101, 14, 0
4, 16, 8, 64, 4, 5, 193, 125, 0.504098, 0.407407, 101, 14, 0
4, 16, 8, 64, 4, 6, 193, 125, 0.504098, 0.407407, 101, 14, 0
4, 16, 8, 64, 4, 7, 186, 89, 0.454082, 0.466667, 101, 33, 0
4, 16, 8, 64, 4, 8, 186, 89, 0.454082, 0.466667, 101, 33, 0
4, 16, 16, 16, 1, 1, 318, 149, 0.582031, 0.111111, 205, 0, 0
4, 16, 16, 16, 1, 2, 318, 149, 0.582031, 0.111111, 205, 0, 0
4, 16, 16, 16, 1, 3, 318, 149, 0.582031, 0.111111, 205, 0, 0
4, 16, 16, 16, 1, 4, 318, 149, 0.582031, 0.111111, 205, 0, 0
4, 16, 16, 16, 1, 5, 318, 149, 0.582031, 0.111111, 205, 0, 0
4, 16, 16, 16, 1, 6, 318, 149, 0.582031, 0.111111, 205, 0, 0
4, 16, 16, 16, 1, 7, 318, 149, 0.582031, 0.111111, 205, 0, 0
4, 16, 16, 16, 1, 8, 318, 149, 0.582031, 0.111111, 205, 0, 0
4, 16, 16, 16, 2, 1, 317, 135, 0.620690, 0.111111, 218, 0, 0
4, 16, 16, 16, 2, 2, 317, 135, 0.620690, 0.111111, 218, 0, 0
4, 16, 16, 16, 2, 3, 317, 135, 0.620690, 0.111111, 218, 0, 0
4, 16, 16, 16, 2, 4, 317, 135, 0.620690, 0.111111, 218, 0, 0
4, 16, 16, 16, 2, 5, 317, 135, 0.620690, 0.111111, 218, 0, 0
4, 16, 16, 16, 2, 6, 317, 135, 0.620690, 0.111111, 218, 0, 0
4, 16, 16, 16, 2, 7, 312, 107, 0.481481, 0.111111, 204, 0, 0
4, 16, 16, 16, 2, 8, 312, 107, 0.481481, 0.111111, 204, 0, 0
4, 16, 16, 16, 3, 1, 327, 124, 0.412698, 0.238095, 192, 0, 0
4, 16, 16, 16, 3, 2, 327, 124, 0.412698, 0.238095, 192, 0, 0
4, 16, 16, 16, 3, 3, 327, 124, 0.412698, 0.238095, 192, 0, 0
4, 16, 16, 16, 3, 4, 327, 124, 0.412698, 0.238095, 192, 0, 0
4, 16, 16, 16, 3, 5, 327, 124, 0.412698, 0.238095, 192, 0, 0
4, 16, 16, 16, 3, 6, 327, 124, 0.412698, 0.238095, 192, 0, 0
4, 16, 16, 16, 3, 7, 318, 89, 0.443396, 0.238095, 208, 0, 0
4, 16, 16, 16, 3, 8, 318, 89, 0.443396, 0.238095, 208, 0, 0
4, 16, 16, 16, 4, 1, 336, 125, 0.290323, 0.238095, 191, 0, 0
4, 16, 16, 16, 4, 2, 336, 125, 0.290323, 0.238095, 191, 0, 0
4, 16, 16, 16, 4, 3, 336, 125, 0.290323, 0.238095, 191, 0, 0
4, 16, 16, 16, 4, 4, 336, 125, 0.290323, 0.238095, 191, 0, 0
4, 16, 16, 16, 4, 5, 336, 125, 0.290323, 0.238095, 191, 0, 0
4, 16, 16, 16, 4, 6, 336, 125, 0.290323, 0.238095, 191, 0, 0
4, 16, 16, 16, 4, 7, 317, 89, 0.400000, 0.238095, 208, 0, 0
4, 16, 16, 16, 4, 8, 317, 89, 0.400000, 0.238095, 208, 0, 0
4, 16, 16, 64, 1, 1, 193, 149, 0.741935, 0.483871, 118, 0, 0
4, 16, 16, 64, 1, 2, 193, 149, 0.741935, 0.483871, 118, 0, 0
4, 16, 16, 64, 1, 3, 193, 149, 0.741935, 0.483871, 118, 0, 0
4, 16, 16, 64, 1, 4, 193, 149, 0.741935, 0.483871, 118, 0, 0
4, 16, 16, 64, 1, 5, 193, 149, 0.741935, 0.483871, 118, 0, 0
4, 16, 16, 64, 1, 6, 193, 149, 0.741935, 0.483871, 118, 0, 0
4, 16, 16, 64, 1, 7, 193, 149, 0.741935, 0.483871, 118, 0, 0
4, 16, 16, 64, 1, 8, 193, 149, 0.741935, 0.483871, 118, 0, 0
4, 16, 16, 64, 2, 1, 186, 135, 0.719298, 0.272727, 118, 0, 0
4, 16, 16, 64, 2, 2, 186, 135, 0.719298, 0.272727, 118, 0, 0
4, 16, 16, 64, 2, 3, 186, 135, 0.719298, 0.272727, 118, 0, 0
4, 16, 16, 64, 2, 4, 186, 135, 0.719298, 0.272727, 118, 0, 0
4, 16, 16, 64, 2, 5, 186, 135, 0.719298, 0.272727, 118, 0, 0
4, 16, 16, 64, 2, 6, 186, 135, 0.719298, 0.272727, 118, 0, 0
4, 16, 16, 64, 2, 7, 181, 107, 0.653846, 0.360000, 112, 0, 0
4, 16, 16, 64, 2, 8, 181, 107, 0.653846, 0.360000, 112, 0, 0
4, 16, 16, 64, 3, 1, 193, 124, 0.520161, 0.360000, 106, 0, 0
4, 16, 16, 64, 3, 2, 193, 124, 0.520161, 0.360000, 106, 0, 0
4, 16, 16, 64, 3, 3, 193, 124, 0.520161, 0.360000, 106, 0, 0
4, 16, 16, 64, 3, 4, 193, 124, 0.520161, 0.360000, 106, 0, 0
4, 16, 16, 64, 3, 5, 193, 124, 0.520161, 0.360000, 106, 0, 0
4, 16, 16, 64, 3, 6, 193, 124, 0.520161, 0.360000, 106, 0, 0
4, 16, 16, 64, 3, 7, 187, 89, 0.466981, 0.483871, 112, 0, 0
4, 16, 16, 64, 3, 8, 187, 89, 0.466981, 0.483871, 112, 0, 0
4, 16, 16, 64, 4, 1, 193, 125, 0.512500, 0.407407, 107, 0, 0
4, 16, 16, 64, 4, 2, 193, 125, 0.512500, 0.407407, 107, 0, 0
4, 16, 16, 64, 4, 3, 193, 125, 0.512500, 0.407407, 107, 0, 0
4, 16, 16, 64, 4, 4, 193, 125, 0.512500, 0.407407, 107, 0, 0
4, 16, 16, 64, 4, 5, 193, 125, 0.512500, 0.407407, 107, 0, 0
4, 16, 16, 64, 4, 6, 193, 125, 0.512500, 0.407407, 107, 0, 0
4, 16, 16, 64, 4, 7, 186, 89, 0.445000, 0.466667, 116, 0, 0
4, 16, 16, 64, 4, 8, 186, 89, 0.445000, 0.466667, 116, 0, 0
4, 32, 8, 16, 1, 1, 318, 149, 0.570423, 0.111111, 181, 23, 0
4, 32, 8, 16, 1, 2, 318, 149, 0.570423, 0.111111, 181, 23, 0
4, 32, 8, 16, 1, 3, 318, 149, 0.570423, 0.111111, 180, 23, 0
4, 32, 8, 16, 1, 4, 318, 149, 0.570423, 0.111111, 180, 23, 0
4, 32, 8, 16, 1, 5, 318, 149, 0.570423, 0.111111, 180, 23, 0
4, 32, 8, 16, 1, 6, 318, 149, 0.570423, 0.111111, 180, 23, 0
4, 32, 8, 16, 1, 7, 318, 149, 0.570423, 0.111111, 180, 23, 0
4, 32, 8, 16, 1, 8, 318, 149, 0.570423, 0.111111, 180, 23, 0
4, 32, 8, 16, 2, 1, 317, 135, 0.489437, 0.111111, 162, 25, 0
4, 32, 8, 16, 2, 2, 317, 135, 0.489437, 0.111111, 162, 25, 0
4, 32, 8, 16, 2, 3, 317, 135, 0.489437, 0.111111, 162, 20, 0
4, 32, 8, 16, 2, 4, 317, 135, 0.489437, 0.111111, 162, 20, 0
4, 32, 8, 16, 2, 5, 317, 135, 0.489437, 0.111111, 162, 20, 0
4, 32, 8, 16, 2, 6, 317, 135, 0.489437, 0.111111, 162, 20, 0
4, 32, 8, 16, 2, 7, 312, 107, 0.457031, 0.111111, 162, 28, 138
4, 32, 8, 16, 2, 8, 312, 107, 0.457031, 0.111111, 162, 28, 138
4, 32, 8, 16, 3, 1, 334, 124, 0.334416, 0.238095, 140, 17, 11
4, 32, 8, 16, 3, 2, 334, 124, 0.334416, 0.238095, 140, 17, 11
4, 32, 8, 16, 3, 3, 334, 124, 0.334416, 0.238095, 140, 16, 11
4, 32, 8, 16, 3, 4, 334, 124, 0.334416, 0.238095, 140, 16, 11
4, 32, 8, 16, 3, 5, 334, 124, 0.334416, 0.238095, 140, 16, 11
4, 32, 8, 16, 3, 6, 334, 124, 0.334416, 0.238095, 140, 16, 11
4, 32, 8, 16, 3, 7, 328, 89, 0.309701, 0.238095, 48, 29, 133
4, 32, 8, 16, 3, 8, 328, 89, 0.309701, 0.238095, 48, 29, 133
4, 32, 8, 16, 4, 1, 334, 125, 0.266447, 0.238095, 134, 16, 1
4, 32, 8, 16, 4, 2, 334, 125, 0.266447, 0.238095, 134, 16, 1
4, 32, 8, 16, 4, 3, 334, 125, 0.266447, 0.238095, 136, 14, 1
4, 32, 8, 16, 4, 4, 334, 125, 0.266447, 0.238095, 136, 14, 1
4, 32, 8, 16, 4, 5, 334, 125, 0.266447, 0.238095, 136, 14, 1
4, 32, 8, 16, 4, 6, 334, 125, 0.266447, 0.238095, 136, 14, 1
4, 32, 8, 16, 4, 7, 327, 89, 0.268939, 0.238095, 5, 29, 144
4, 32, 8, 16, 4, 8, 327, 89, 0.268939, 0.238095, 5, 29, 144
4, 32, 8, 64, 1, 1, 187, 149, 0.735294, 0.272727, 68, 37, 0
4, 32, 8, 64, 1, 2, 187, 149, 0.735294, 0.272727, 68, 37, 0
4, 32, 8, 64, 1, 3, 187, 149, 0.735294, 0.272727, 80, 28, 0
4, 32, 8, 64, 1, 4, 187, 149, 0.735294, 0.272727, 80, 28, 0
4, 32, 8, 64, 1, 5, 187, 149, 0.735294, 0.272727, 80, 28, 0
4, 32, 8, 64, 1, 6, 187, 149, 0.735294, 0.272727, 80, 28, 0
4, 32, 8, 64, 1, 7, 187, 149, 0.735294, 0.272727, 80, 28, 0
4, 32, 8, 64, 1, 8, 187, 149, 0.735294, 0.272727, 80, 28, 0
4, 32, 8, 64, 2, 1, 186, 135, 0.681818, 0.272727, 66, 44, 0
4, 32, 8, 64, 2, 2, 186, 135, 0.681818, 0.272727, 66, 44, 0
4, 32, 8, 64, 2, 3, 186, 135, 0.681818, 0.272727, 67, 39, 0
4, 32, 8, 64, 2, 4, 186, 135, 0.681818, 0.272727, 67, 39, 0
4, 32, 8, 64, 2, 5, 186, 135, 0.681818, 0.272727, 67, 39, 0
4, 32, 8, 64, 2, 6, 186, 135, 0.681818, 0.272727, 67, 39, 0
4, 32, 8, 64, 2, 7, 181, 107, 0.655172, 0.360000, 32, 80, 20
4, 32, 8, 64, 2, 8, 181, 107, 0.655172, 0.360000, 32, 80, 20
4, 32, 8, 64, 3, 1, 193, 124, 0.562500, 0.360000, 44, 48, 0
4, 32, 8, 64, 3, 2, 193, 124, 0.562500, 0.360000, 44, 48, 0
4, 32, 8, 64, 3, 3, 193, 124, 0.554487, 0.360000, 47, 43, 0
4, 32, 8, 64, 3, 4, 193, 124, 0.554487, 0.360000, 47, 43, 0
4, 32, 8, 64, 3, 5, 193, 124, 0.554487, 0.360000, 47, 43, 0
4, 32, 8, 64, 3, 6, 193, 124, 0.554487, 0.360000, 47, 43, 0
4, 32, 8, 64, 3, 7, 187, 89, 0.526119, 0.483871, 0, 84, 2
4, 32, 8, 64, 3, 8, 187, 89, 0.526119, 0.483871, 0, 84, 2
4, 32, 8, 64, 4, 1, 193, 125, 0.529605, 0.360000, 35, 46, 0
4, 32, 8, 64, 4, 2, 193, 125, 0.529605, 0.360000, 35, 46, 0
4, 32, 8, 64, 4, 3, 193, 125, 0.535714, 0.360000, 42, 46, 0
4, 32, 8, 64, 4, 4, 193, 125, 0.535714, 0.360000, 42, 46, 0
4, 32, 8, 64, 4, 5, 193, 125, 0.535714, 0.360000, 42, 46, 0
4, 32, 8, 64, 4, 6, 193, 125, 0.535714, 0.360000, 42, 46, 0
4, 32, 8, 64, 4, 7, 186, 89, 0.503788, 0.466667, 1, 84, 5
4, 32, 8, 64, 4, 8, 186, 89, 0.503788, 0.466667, 1, 84, 5
4, 32, 16, 16, 1, 1, 318, 149, 0.570423, 0.111111, 191, 0, 0
4, 32, 16, 16, 1, 2, 318, 149, 0.570423, 0.111111, 191, 0, 0
4, 32, 16, 16, 1, 3, 318, 149, 0.570423, 0.111111, 191, 0, 0
4, 32, 16, 16, 1, 4, 318, 149, 0.570423, 0.111111, 191, 0, 0
4, 32, 16, 16, 1, 5, 318, 149, 0.570423, 0.111111, 191, 0, 0
4, 32, 16, 16, 1, 6, 318, 149, 0.570423, 0.111111, 191, 0, 0
4, 32, 16, 16, 1, 7, 318, 149, 0.570423, 0.111111, 191, 0, 0
4, 32, 16, 16, 1, 8, 318, 149, 0.570423, 0.111111, 191, 0, 0
4, 32, 16, 16, 2, 1, 317, 135, 0.496528, 0.111111, 171, 0, 0
4, 32, 16, 16, 2, 2, 317, 135, 0.496528, 0.111111, 171, 0, 0
4, 32, 16, 16, 2, 3, 317, 135, 0.496528, 0.111111, 171, 0, 0
4, 32, 16, 16, 2, 4, 317, 135, 0.496528, 0.111111, 171, 0, 0
4, 32, 16, 16, 2, 5, 317, 135, 0.496528, 0.111111, 171, 0, 0
4, 32, 16, 16, 2, 6, 317, 135, 0.496528, 0.111111, 171, 0, 0
4, 32, 16, 16, 2, 7, 312, 107, 0.450000, 0.111111, 179, 0, 155
4, 32, 16, 16, 2, 8, 312, 107, 0.450000, 0.111111, 179, 0, 155
4, 32, 16, 16, 3, 1, 334, 124, 0.342949, 0.238095, 147, 0, 11
4, 32, 16, 16, 3, 2, 334, 124, 0.342949, 0.238095, 147, 0, 11
4, 32, 16, 16, 3, 3, 334, 124, 0.342949, 0.238095, 147, 0, 11
4, 32, 16, 16, 3, 4, 334, 124, 0.342949, 0.238095, 147, 0, 11
4, 32, 16, 16, 3, 5, 334, 124, 0.342949, 0.238095, 147, 0, 11
4, 32, 16, 16, 3, 6, 334, 124, 0.342949, 0.238095, 147, 0, 11
4, 32, 16, 16, 3, 7, 328, 89, 0.309701, 0.238095, 49, 0, 150
4, 32, 16, 16, 3, 8, 328, 89, 0.309701, 0.238095, 49, 0, 150
4, 32, 16, 16, 4, 1, 334, 125, 0.266447, 0.238095, 139, 0, 2
4, 32, 16, 16, 4, 2, 334, 125, 0.266447, 0.238095, 139, 0, 2
4, 32, 16, 16, 4, 3, 334, 125, 0.266447, 0.238095, 139, 0, 2
4, 32, 16, 16, 4, 4, 334, 125, 0.266447, 0.238095, 139, 0, 2
4, 32, 16, 16, 4, 5, 334, 125, 0.266447, 0.238095, 139, 0, 2
4, 32, 16, 16, 4, 6, 334, 125, 0.266447, 0.238095, 139, 0, 2
4, 32, 16, 16, 4, 7, 327, 89, 0.268939, 0.238095, 5, 0, 154
4, 32, 16, 16, 4, 8, 327, 89, 0.268939, 0.238095, 5, 0, 154
4, 32, 16, 64, 1, 1, 187, 149, 0.735294, 0.272727, 101, 0, 0
4, 32, 16, 64, 1, 2, 187, 149, 0.735294, 0.272727, 101, 0, 0
4, 32, 16, 64, 1, 3, 187, 149, 0.735294, 0.272727, 101, 0, 0
4, 32, 16, 64, 1, 4, 187, 149, 0.735294, 0.272727, 101, 0, 0
4, 32, 16, 64, 1, 5, 187, 149, 0.735294, 0.272727, 101, 0, 0
4, 32, 16, 64, 1, 6, 187, 149, 0.735294, 0.272727, 101, 0, 0
4, 32, 16, 64, 1, 7, 187, 149, 0.735294, 0.272727, 101, 0, 0
4, 32, 16, 64, 1, 8, 187, 149, 0.735294, 0.272727, 101, 0, 0
4, 32, 16, 64, 2, 1, 186, 135, 0.671642, 0.272727, 96, 0, 0
4, 32, 16, 64, 2, 2, 186, 135, 0.671642, 0.272727, 96, 0, 0
4, 32, 16, 64, 2, 3, 186, 135, 0.671642, 0.272727, 96, 0, 0
4, 32, 16, 64, 2, 4, 186, 135, 0.671642, 0.272727, 96, 0, 0
4, 32, 16, 64, 2, 5, 186, 135, 0.671642, 0.272727, 96, 0, 0
4, 32, 16, 64, 2, 6, 186, 135, 0.671642, 0.272727, 96, 0, 0
4, 32, 16, 64, 2, 7, 181, 107, 0.644068, 0.360000, 97, 2, 73
4, 32, 16, 64, 2, 8, 181, 107, 0.644068, 0.360000, 97, 2, 73
4, 32, 16, 64, 3, 1, 193, 124, 0.560897, 0.360000, 78, 0, 0
4, 32, 16, 64, 3, 2, 193, 124, 0.560897, 0.360000, 78, 0, 0
4, 32, 16, 64, 3, 3, 193, 124, 0.560897, 0.360000, 78, 0, 0
4, 32, 16, 64, 3, 4, 193, 124, 0.560897, 0.360000, 78, 0, 0
4, 32, 16, 64, 3, 5, 193, 124, 0.560897, 0.360000, 78, 0, 0
4, 32, 16, 64, 3, 6, 193, 124, 0.560897, 0.360000, 78, 0, 0
4, 32, 16, 64, 3, 7, 187, 89, 0.532609, 0.483871, 28, 2, 74
4, 32, 16, 64, 3, 8, 187, 89, 0.532609, 0.483871, 28, 2, 74
4, 32, 16, 64, 4, 1, 193, 125, 0.528846, 0.360000, 77, 0, 0
4, 32, 16, 64, 4, 2, 193, 125, 0.528846, 0.360000, 77, 0, 0
4, 32, 16, 64, 4, 3, 193, 125, 0.528846, 0.360000, 77, 0, 0
4, 32, 16, 64, 4, 4, 193, 125, 0.528846, 0.360000, 77, 0, 0
4, 32, 16, 64, 4, 5, 193, 125, 0.528846, 0.360000, 77, 0, 0
4, 32, 16, 64, 4, 6, 193, 125, 0.528846, 0.360000, 77, 0, 0
4, 32, 16, 64, 4, 7, 186, 89, 0.511029, 0.466667, 12, 1, 78
4, 32, 16, 64, 4, 8, 186, 89, 0.511029, 0.466667, 12, 1, 78
