N, ROB size, RS size, Cache Size, Memory Latency, Branch Type, Unrolls, Optimization Lvl, Cycles, Instructions, Branch hit, Icache hit, Dcache hit, ROB hzrds, RS hzrds, LSQ hzrds
1, 12, 6, 8, 100, 1, 1, 8, 307, 98, 0.312500, 0.774510, 0.000000, 42, 0, 0
1, 12, 6, 8, 100, 1, 2, 8, 259, 83, 0.125000, 0.650602, 0.000000, 97, 0, 0
1, 12, 6, 8, 100, 1, 3, 8, 335, 77, 0.571429, 0.487952, 0.000000, 7, 0, 0
1, 12, 6, 8, 100, 1, 4, 8, 270, 77, 0.200000, 0.378947, 0.000000, 89, 0, 0
1, 12, 6, 8, 100, 2, 1, 8, 307, 98, 0.312500, 0.807190, 0.000000, 42, 0, 0
1, 12, 6, 8, 100, 2, 2, 8, 337, 83, 0.291667, 0.327526, 0.000000, 52, 0, 0
1, 12, 6, 8, 100, 2, 3, 8, 335, 77, 0.571429, 0.602410, 0.000000, 7, 0, 0
1, 12, 6, 8, 100, 2, 4, 8, 299, 77, 0.250000, 0.307692, 0.000000, 74, 0, 0
1, 12, 6, 8, 100, 3, 1, 8, 307, 98, 0.312500, 0.807190, 0.000000, 42, 0, 0
1, 12, 6, 8, 100, 3, 2, 8, 310, 83, 0.250000, 0.230508, 0.000000, 28, 0, 0
1, 12, 6, 8, 100, 3, 3, 8, 335, 77, 0.571429, 0.602410, 0.000000, 7, 0, 0
1, 12, 6, 8, 100, 3, 4, 8, 276, 77, 0.250000, 0.362245, 0.000000, 89, 0, 0
1, 12, 6, 8, 1000, 1, 1, 8, 1154, 98, 0.312500, 0.721354, 0.000000, 588, 0, 0
1, 12, 6, 8, 1000, 1, 2, 8, 1183, 83, 0.125000, 0.589888, 0.000000, 643, 0, 0
1, 12, 6, 8, 1000, 1, 3, 8, 1416, 77, 0.571429, 0.528205, 0.000000, 97, 0, 0
1, 12, 6, 8, 1000, 1, 4, 8, 1350, 77, 0.200000, 0.342995, 0.000000, 564, 0, 0
1, 12, 6, 8, 1000, 2, 1, 8, 1154, 98, 0.312500, 0.809896, 0.000000, 588, 0, 0
1, 12, 6, 8, 1000, 2, 2, 8, 1855, 83, 0.291667, 0.331395, 0.000000, 364, 0, 0
1, 12, 6, 8, 1000, 2, 3, 8, 1415, 77, 0.571429, 0.623077, 0.000000, 13, 0, 0
1, 12, 6, 8, 1000, 2, 4, 8, 1606, 77, 0.250000, 0.294776, 0.000000, 471, 0, 0
1, 12, 6, 8, 1000, 3, 1, 8, 1154, 98, 0.312500, 0.809896, 0.000000, 588, 0, 0
1, 12, 6, 8, 1000, 3, 2, 8, 1183, 83, 0.125000, 0.589888, 0.000000, 643, 0, 0
1, 12, 6, 8, 1000, 3, 3, 8, 1415, 77, 0.571429, 0.623077, 0.000000, 13, 0, 0
1, 12, 6, 8, 1000, 3, 4, 8, 1356, 77, 0.250000, 0.342723, 0.000000, 564, 0, 0
1, 12, 6, 16, 100, 1, 1, 8, 297, 98, 0.312500, 0.861486, 0.000000, 42, 0, 0
1, 12, 6, 16, 100, 1, 2, 8, 239, 83, 0.125000, 0.730769, 0.000000, 97, 0, 0
1, 12, 6, 16, 100, 1, 3, 8, 292, 77, 0.571429, 0.795848, 0.000000, 43, 0, 0
1, 12, 6, 16, 100, 1, 4, 8, 240, 77, 0.200000, 0.682353, 0.000000, 89, 0, 0
1, 12, 6, 16, 100, 2, 1, 8, 297, 98, 0.312500, 0.861486, 0.000000, 42, 0, 0
1, 12, 6, 16, 100, 2, 2, 8, 290, 83, 0.375000, 0.698113, 0.000000, 37, 0, 0
1, 12, 6, 16, 100, 2, 3, 8, 292, 77, 0.571429, 0.820069, 0.000000, 43, 0, 0
1, 12, 6, 16, 100, 2, 4, 8, 266, 77, 0.300000, 0.464135, 0.000000, 51, 0, 0
1, 12, 6, 16, 100, 3, 1, 8, 297, 98, 0.312500, 0.861486, 0.000000, 42, 0, 0
1, 12, 6, 16, 100, 3, 2, 8, 277, 83, 0.333333, 0.717391, 0.000000, 0, 0, 0
1, 12, 6, 16, 100, 3, 3, 8, 292, 77, 0.571429, 0.820069, 0.000000, 43, 0, 0
1, 12, 6, 16, 100, 3, 4, 8, 247, 77, 0.250000, 0.730000, 0.000000, 81, 0, 0
1, 12, 6, 16, 1000, 1, 1, 8, 1038, 98, 0.312500, 0.864130, 0.000000, 588, 0, 0
1, 12, 6, 16, 1000, 1, 2, 8, 988, 83, 0.125000, 0.703704, 0.000000, 643, 0, 0
1, 12, 6, 16, 1000, 1, 3, 8, 994, 77, 0.571429, 0.739255, 0.000000, 517, 0, 0
1, 12, 6, 16, 1000, 1, 4, 8, 1103, 77, 0.200000, 0.648352, 0.000000, 635, 0, 0
1, 12, 6, 16, 1000, 2, 1, 8, 1038, 98, 0.312500, 0.864130, 0.000000, 588, 0, 0
1, 12, 6, 16, 1000, 2, 2, 8, 1142, 83, 0.291667, 0.558719, 0.000000, 364, 0, 0
1, 12, 6, 16, 1000, 2, 3, 8, 994, 77, 0.571429, 0.828080, 0.000000, 517, 0, 0
1, 12, 6, 16, 1000, 2, 4, 8, 1112, 77, 0.250000, 0.610092, 0.000000, 542, 0, 0
1, 12, 6, 16, 1000, 3, 1, 8, 1038, 98, 0.312500, 0.864130, 0.000000, 588, 0, 0
1, 12, 6, 16, 1000, 3, 2, 8, 1083, 83, 0.166667, 0.563725, 0.000000, 480, 0, 0
1, 12, 6, 16, 1000, 3, 3, 8, 994, 77, 0.571429, 0.828080, 0.000000, 517, 0, 0
1, 12, 6, 16, 1000, 3, 4, 8, 1109, 77, 0.250000, 0.675532, 0.000000, 635, 0, 0
1, 12, 6, 64, 100, 1, 1, 8, 297, 98, 0.312500, 0.861486, 0.000000, 42, 0, 0
1, 12, 6, 64, 100, 1, 2, 8, 239, 83, 0.125000, 0.730769, 0.000000, 97, 0, 0
1, 12, 6, 64, 100, 1, 3, 8, 292, 77, 0.571429, 0.795848, 0.000000, 43, 0, 0
1, 12, 6, 64, 100, 1, 4, 8, 240, 77, 0.200000, 0.682353, 0.000000, 89, 0, 0
1, 12, 6, 64, 100, 2, 1, 8, 297, 98, 0.312500, 0.861486, 0.000000, 42, 0, 0
1, 12, 6, 64, 100, 2, 2, 8, 280, 83, 0.375000, 0.752941, 0.000000, 37, 0, 0
1, 12, 6, 64, 100, 2, 3, 8, 292, 77, 0.571429, 0.820069, 0.000000, 43, 0, 0
1, 12, 6, 64, 100, 2, 4, 8, 256, 77, 0.300000, 0.606987, 0.000000, 51, 0, 0
1, 12, 6, 64, 100, 3, 1, 8, 297, 98, 0.312500, 0.861486, 0.000000, 42, 0, 0
1, 12, 6, 64, 100, 3, 2, 8, 277, 83, 0.333333, 0.717391, 0.000000, 0, 0, 0
1, 12, 6, 64, 100, 3, 3, 8, 292, 77, 0.571429, 0.820069, 0.000000, 43, 0, 0
1, 12, 6, 64, 100, 3, 4, 8, 247, 77, 0.250000, 0.730000, 0.000000, 81, 0, 0
1, 12, 6, 64, 1000, 1, 1, 8, 1038, 98, 0.312500, 0.864130, 0.000000, 588, 0, 0
1, 12, 6, 64, 1000, 1, 2, 8, 988, 83, 0.125000, 0.703704, 0.000000, 643, 0, 0
1, 12, 6, 64, 1000, 1, 3, 8, 994, 77, 0.571429, 0.739255, 0.000000, 517, 0, 0
1, 12, 6, 64, 1000, 1, 4, 8, 1015, 77, 0.200000, 0.664835, 0.000000, 635, 0, 0
1, 12, 6, 64, 1000, 2, 1, 8, 1038, 98, 0.312500, 0.864130, 0.000000, 588, 0, 0
1, 12, 6, 64, 1000, 2, 2, 8, 1016, 83, 0.291667, 0.620000, 0.000000, 364, 0, 0
1, 12, 6, 64, 1000, 2, 3, 8, 994, 77, 0.571429, 0.828080, 0.000000, 517, 0, 0
1, 12, 6, 64, 1000, 2, 4, 8, 1024, 77, 0.250000, 0.623853, 0.000000, 542, 0, 0
1, 12, 6, 64, 1000, 3, 1, 8, 1038, 98, 0.312500, 0.864130, 0.000000, 588, 0, 0
1, 12, 6, 64, 1000, 3, 2, 8, 1036, 83, 0.333333, 0.583144, 0.000000, 0, 0, 0
1, 12, 6, 64, 1000, 3, 3, 8, 994, 77, 0.571429, 0.828080, 0.000000, 517, 0, 0
1, 12, 6, 64, 1000, 3, 4, 8, 1021, 77, 0.250000, 0.680851, 0.000000, 635, 0, 0
1, 24, 12, 8, 100, 1, 1, 8, 321, 98, 0.312500, 0.671875, 0.000000, 0, 0, 0
1, 24, 12, 8, 100, 1, 2, 8, 260, 83, 0.125000, 0.674157, 0.000000, 84, 0, 0
1, 24, 12, 8, 100, 1, 3, 8, 335, 77, 0.571429, 0.479042, 0.000000, 0, 0, 0
1, 24, 12, 8, 100, 1, 4, 8, 283, 77, 0.200000, 0.367442, 0.000000, 70, 0, 0
1, 24, 12, 8, 100, 2, 1, 8, 321, 98, 0.312500, 0.815625, 0.000000, 0, 0, 0
1, 24, 12, 8, 100, 2, 2, 8, 338, 83, 0.291667, 0.301282, 0.000000, 24, 0, 0
1, 24, 12, 8, 100, 2, 3, 8, 335, 77, 0.571429, 0.592814, 0.000000, 0, 0, 0
1, 24, 12, 8, 100, 2, 4, 8, 285, 77, 0.200000, 0.205761, 0.000000, 40, 0, 0
1, 24, 12, 8, 100, 3, 1, 8, 321, 98, 0.312500, 0.815625, 0.000000, 0, 0, 0
1, 24, 12, 8, 100, 3, 2, 8, 314, 83, 0.250000, 0.217252, 0.000000, 0, 0, 0
1, 24, 12, 8, 100, 3, 3, 8, 335, 77, 0.571429, 0.592814, 0.000000, 0, 0, 0
1, 24, 12, 8, 100, 3, 4, 8, 283, 77, 0.200000, 0.367442, 0.000000, 70, 0, 0
1, 24, 12, 8, 1000, 1, 1, 8, 1154, 98, 0.312500, 0.602564, 0.000000, 72, 0, 0
1, 24, 12, 8, 1000, 1, 2, 8, 1183, 83, 0.125000, 0.615789, 0.000000, 631, 0, 0
1, 24, 12, 8, 1000, 1, 3, 8, 1476, 77, 0.523810, 0.564433, 0.000000, 77, 0, 0
1, 24, 12, 8, 1000, 1, 4, 8, 1244, 77, 0.200000, 0.397129, 0.000000, 538, 0, 0
1, 24, 12, 8, 1000, 2, 1, 8, 1154, 98, 0.312500, 0.844017, 0.000000, 504, 0, 0
1, 24, 12, 8, 1000, 2, 2, 8, 1432, 83, 0.208333, 0.296029, 0.000000, 352, 0, 0
1, 24, 12, 8, 1000, 2, 3, 8, 1482, 77, 0.571429, 0.609023, 0.000000, 0, 0, 0
1, 24, 12, 8, 1000, 2, 4, 8, 1300, 77, 0.150000, 0.256410, 0.000000, 352, 0, 0
1, 24, 12, 8, 1000, 3, 1, 8, 1154, 98, 0.312500, 0.803419, 0.000000, 504, 0, 0
1, 24, 12, 8, 1000, 3, 2, 8, 1183, 83, 0.125000, 0.615789, 0.000000, 631, 0, 0
1, 24, 12, 8, 1000, 3, 3, 8, 1482, 77, 0.571429, 0.609023, 0.000000, 0, 0, 0
1, 24, 12, 8, 1000, 3, 4, 8, 1244, 77, 0.200000, 0.392344, 0.000000, 538, 0, 0
1, 24, 12, 16, 100, 1, 1, 8, 311, 98, 0.312500, 0.867742, 0.000000, 0, 0, 0
1, 24, 12, 16, 100, 1, 2, 8, 239, 83, 0.125000, 0.750000, 0.000000, 83, 0, 0
1, 24, 12, 16, 100, 1, 3, 8, 306, 77, 0.571429, 0.793443, 0.000000, 0, 0, 0
1, 24, 12, 16, 100, 1, 4, 8, 241, 77, 0.200000, 0.713514, 0.000000, 68, 0, 0
1, 24, 12, 16, 100, 2, 1, 8, 311, 98, 0.312500, 0.867742, 0.000000, 0, 0, 0
1, 24, 12, 16, 100, 2, 2, 8, 300, 83, 0.375000, 0.548495, 0.000000, 8, 0, 0
1, 24, 12, 16, 100, 2, 3, 8, 308, 77, 0.571429, 0.830619, 0.000000, 0, 0, 0
1, 24, 12, 16, 100, 2, 4, 8, 268, 77, 0.300000, 0.404494, 0.000000, 8, 0, 0
1, 24, 12, 16, 100, 3, 1, 8, 311, 98, 0.312500, 0.867742, 0.000000, 0, 0, 0
1, 24, 12, 16, 100, 3, 2, 8, 277, 83, 0.333333, 0.717391, 0.000000, 0, 0, 0
1, 24, 12, 16, 100, 3, 3, 8, 308, 77, 0.571429, 0.830619, 0.000000, 0, 0, 0
1, 24, 12, 16, 100, 3, 4, 8, 249, 77, 0.250000, 0.762332, 0.000000, 47, 0, 0
1, 24, 12, 16, 1000, 1, 1, 8, 1051, 98, 0.312500, 0.768421, 0.000000, 288, 0, 0
1, 24, 12, 16, 1000, 1, 2, 8, 988, 83, 0.125000, 0.724138, 0.000000, 631, 0, 0
1, 24, 12, 16, 1000, 1, 3, 8, 1136, 77, 0.571429, 0.669683, 0.000000, 216, 0, 0
1, 24, 12, 16, 1000, 1, 4, 8, 1103, 77, 0.200000, 0.636364, 0.000000, 538, 0, 0
1, 24, 12, 16, 1000, 2, 1, 8, 1038, 98, 0.312500, 0.889381, 0.000000, 504, 0, 0
1, 24, 12, 16, 1000, 2, 2, 8, 1237, 83, 0.208333, 0.427509, 0.000000, 352, 0, 0
1, 24, 12, 16, 1000, 2, 3, 8, 1136, 77, 0.571429, 0.812918, 0.000000, 432, 0, 0
1, 24, 12, 16, 1000, 2, 4, 8, 1159, 77, 0.150000, 0.405983, 0.000000, 352, 0, 0
1, 24, 12, 16, 1000, 3, 1, 8, 1038, 98, 0.312500, 0.889381, 0.000000, 504, 0, 0
1, 24, 12, 16, 1000, 3, 2, 8, 1083, 83, 0.166667, 0.587963, 0.000000, 467, 0, 0
1, 24, 12, 16, 1000, 3, 3, 8, 1136, 77, 0.571429, 0.812918, 0.000000, 432, 0, 0
1, 24, 12, 16, 1000, 3, 4, 8, 1103, 77, 0.200000, 0.636364, 0.000000, 538, 0, 0
1, 24, 12, 64, 100, 1, 1, 8, 311, 98, 0.312500, 0.867742, 0.000000, 0, 0, 0
1, 24, 12, 64, 100, 1, 2, 8, 239, 83, 0.125000, 0.750000, 0.000000, 83, 0, 0
1, 24, 12, 64, 100, 1, 3, 8, 306, 77, 0.571429, 0.793443, 0.000000, 0, 0, 0
1, 24, 12, 64, 100, 1, 4, 8, 241, 77, 0.200000, 0.713514, 0.000000, 68, 0, 0
1, 24, 12, 64, 100, 2, 1, 8, 311, 98, 0.312500, 0.867742, 0.000000, 0, 0, 0
1, 24, 12, 64, 100, 2, 2, 8, 280, 83, 0.375000, 0.688172, 0.000000, 8, 0, 0
1, 24, 12, 64, 100, 2, 3, 8, 308, 77, 0.571429, 0.830619, 0.000000, 0, 0, 0
1, 24, 12, 64, 100, 2, 4, 8, 257, 77, 0.300000, 0.566406, 0.000000, 8, 0, 0
1, 24, 12, 64, 100, 3, 1, 8, 311, 98, 0.312500, 0.867742, 0.000000, 0, 0, 0
1, 24, 12, 64, 100, 3, 2, 8, 277, 83, 0.333333, 0.717391, 0.000000, 0, 0, 0
1, 24, 12, 64, 100, 3, 3, 8, 308, 77, 0.571429, 0.830619, 0.000000, 0, 0, 0
1, 24, 12, 64, 100, 3, 4, 8, 249, 77, 0.250000, 0.762332, 0.000000, 47, 0, 0
1, 24, 12, 64, 1000, 1, 1, 8, 1051, 98, 0.312500, 0.768421, 0.000000, 288, 0, 0
1, 24, 12, 64, 1000, 1, 2, 8, 988, 83, 0.125000, 0.724138, 0.000000, 631, 0, 0
1, 24, 12, 64, 1000, 1, 3, 8, 1067, 77, 0.571429, 0.708889, 0.000000, 216, 0, 0
1, 24, 12, 64, 1000, 1, 4, 8, 1015, 77, 0.200000, 0.650718, 0.000000, 538, 0, 0
1, 24, 12, 64, 1000, 2, 1, 8, 1038, 98, 0.312500, 0.889381, 0.000000, 504, 0, 0
1, 24, 12, 64, 1000, 2, 2, 8, 1061, 83, 0.208333, 0.585714, 0.000000, 352, 0, 0
1, 24, 12, 64, 1000, 2, 3, 8, 1048, 77, 0.571429, 0.833718, 0.000000, 432, 0, 0
1, 24, 12, 64, 1000, 2, 4, 8, 1071, 77, 0.150000, 0.435897, 0.000000, 352, 0, 0
1, 24, 12, 64, 1000, 3, 1, 8, 1038, 98, 0.312500, 0.889381, 0.000000, 504, 0, 0
1, 24, 12, 64, 1000, 3, 2, 8, 1036, 83, 0.333333, 0.583144, 0.000000, 0, 0, 0
1, 24, 12, 64, 1000, 3, 3, 8, 1048, 77, 0.571429, 0.833718, 0.000000, 432, 0, 0
1, 24, 12, 64, 1000, 3, 4, 8, 1015, 77, 0.200000, 0.650718, 0.000000, 538, 0, 0
1, 32, 16, 8, 100, 1, 1, 8, 321, 98, 0.312500, 0.671875, 0.000000, 0, 0, 0
1, 32, 16, 8, 100, 1, 2, 8, 260, 83, 0.125000, 0.688172, 0.000000, 75, 0, 0
1, 32, 16, 8, 100, 1, 3, 8, 335, 77, 0.571429, 0.479042, 0.000000, 0, 0, 0
1, 32, 16, 8, 100, 1, 4, 8, 273, 77, 0.200000, 0.408451, 0.000000, 61, 0, 0
1, 32, 16, 8, 100, 2, 1, 8, 321, 98, 0.312500, 0.815625, 0.000000, 0, 0, 0
1, 32, 16, 8, 100, 2, 2, 8, 338, 83, 0.291667, 0.282282, 0.000000, 0, 0, 0
1, 32, 16, 8, 100, 2, 3, 8, 335, 77, 0.571429, 0.592814, 0.000000, 0, 0, 0
1, 32, 16, 8, 100, 2, 4, 8, 285, 77, 0.200000, 0.189394, 0.000000, 16, 0, 0
1, 32, 16, 8, 100, 3, 1, 8, 321, 98, 0.312500, 0.815625, 0.000000, 0, 0, 0
1, 32, 16, 8, 100, 3, 2, 8, 314, 83, 0.250000, 0.217252, 0.000000, 0, 0, 0
1, 32, 16, 8, 100, 3, 3, 8, 335, 77, 0.571429, 0.592814, 0.000000, 0, 0, 0
1, 32, 16, 8, 100, 3, 4, 8, 273, 77, 0.200000, 0.380282, 0.000000, 61, 0, 0
1, 32, 16, 8, 1000, 1, 1, 8, 1154, 98, 0.312500, 0.610553, 0.000000, 64, 0, 0
1, 32, 16, 8, 1000, 1, 2, 8, 1183, 83, 0.125000, 0.631313, 0.000000, 623, 0, 0
1, 32, 16, 8, 1000, 1, 3, 8, 1476, 77, 0.523810, 0.567430, 0.000000, 0, 0, 0
1, 32, 16, 8, 1000, 1, 4, 8, 1244, 77, 0.200000, 0.391705, 0.000000, 457, 0, 0
1, 32, 16, 8, 1000, 2, 1, 8, 1154, 98, 0.312500, 0.860687, 0.000000, 448, 0, 0
1, 32, 16, 8, 1000, 2, 2, 8, 1397, 83, 0.125000, 0.288462, 0.000000, 344, 0, 0
1, 32, 16, 8, 1000, 2, 3, 8, 1482, 77, 0.571429, 0.609023, 0.000000, 0, 0, 0
1, 32, 16, 8, 1000, 2, 4, 8, 1395, 77, 0.200000, 0.290323, 0.000000, 364, 0, 0
1, 32, 16, 8, 1000, 3, 1, 8, 1154, 98, 0.312500, 0.860687, 0.000000, 448, 0, 0
1, 32, 16, 8, 1000, 3, 2, 8, 1183, 83, 0.125000, 0.631313, 0.000000, 623, 0, 0
1, 32, 16, 8, 1000, 3, 3, 8, 1482, 77, 0.571429, 0.609023, 0.000000, 0, 0, 0
1, 32, 16, 8, 1000, 3, 4, 8, 1300, 77, 0.150000, 0.229885, 0.000000, 178, 0, 0
1, 32, 16, 16, 100, 1, 1, 8, 311, 98, 0.312500, 0.867742, 0.000000, 0, 0, 0
1, 32, 16, 16, 100, 1, 2, 8, 242, 83, 0.125000, 0.761364, 0.000000, 77, 0, 0
1, 32, 16, 16, 100, 1, 3, 8, 306, 77, 0.571429, 0.793443, 0.000000, 0, 0, 0
1, 32, 16, 16, 100, 1, 4, 8, 242, 77, 0.200000, 0.725389, 0.000000, 60, 0, 0
1, 32, 16, 16, 100, 2, 1, 8, 311, 98, 0.312500, 0.867742, 0.000000, 0, 0, 0
1, 32, 16, 16, 100, 2, 2, 8, 301, 83, 0.375000, 0.546667, 0.000000, 0, 0, 0
1, 32, 16, 16, 100, 2, 3, 8, 308, 77, 0.571429, 0.830619, 0.000000, 0, 0, 0
1, 32, 16, 16, 100, 2, 4, 8, 268, 77, 0.300000, 0.404494, 0.000000, 0, 0, 0
1, 32, 16, 16, 100, 3, 1, 8, 311, 98, 0.312500, 0.867742, 0.000000, 0, 0, 0
1, 32, 16, 16, 100, 3, 2, 8, 277, 83, 0.333333, 0.717391, 0.000000, 0, 0, 0
1, 32, 16, 16, 100, 3, 3, 8, 308, 77, 0.571429, 0.830619, 0.000000, 0, 0, 0
1, 32, 16, 16, 100, 3, 4, 8, 250, 77, 0.250000, 0.771552, 0.000000, 30, 0, 0
1, 32, 16, 16, 1000, 1, 1, 8, 1056, 98, 0.312500, 0.789062, 0.000000, 256, 0, 0
1, 32, 16, 16, 1000, 1, 2, 8, 988, 83, 0.125000, 0.736264, 0.000000, 623, 0, 0
1, 32, 16, 16, 1000, 1, 3, 8, 1150, 77, 0.571429, 0.681435, 0.000000, 128, 0, 0
1, 32, 16, 16, 1000, 1, 4, 8, 1103, 77, 0.200000, 0.626728, 0.000000, 530, 0, 0
1, 32, 16, 16, 1000, 2, 1, 8, 1038, 98, 0.312500, 0.901575, 0.000000, 448, 0, 0
1, 32, 16, 16, 1000, 2, 2, 8, 1136, 83, 0.125000, 0.396694, 0.000000, 344, 0, 0
1, 32, 16, 16, 1000, 2, 3, 8, 1136, 77, 0.571429, 0.830986, 0.000000, 384, 0, 0
1, 32, 16, 16, 1000, 2, 4, 8, 1103, 77, 0.200000, 0.504274, 0.000000, 437, 0, 0
1, 32, 16, 16, 1000, 3, 1, 8, 1038, 98, 0.312500, 0.901575, 0.000000, 448, 0, 0
1, 32, 16, 16, 1000, 3, 2, 8, 1089, 83, 0.208333, 0.613043, 0.000000, 458, 0, 0
1, 32, 16, 16, 1000, 3, 3, 8, 1136, 77, 0.571429, 0.830986, 0.000000, 384, 0, 0
1, 32, 16, 16, 1000, 3, 4, 8, 1103, 77, 0.200000, 0.649770, 0.000000, 530, 0, 0
1, 32, 16, 64, 100, 1, 1, 8, 311, 98, 0.312500, 0.867742, 0.000000, 0, 0, 0
1, 32, 16, 64, 100, 1, 2, 8, 242, 83, 0.125000, 0.761364, 0.000000, 77, 0, 0
1, 32, 16, 64, 100, 1, 3, 8, 306, 77, 0.571429, 0.793443, 0.000000, 0, 0, 0
1, 32, 16, 64, 100, 1, 4, 8, 242, 77, 0.200000, 0.725389, 0.000000, 60, 0, 0
1, 32, 16, 64, 100, 2, 1, 8, 311, 98, 0.312500, 0.867742, 0.000000, 0, 0, 0
1, 32, 16, 64, 100, 2, 2, 8, 281, 83, 0.375000, 0.685714, 0.000000, 0, 0, 0
1, 32, 16, 64, 100, 2, 3, 8, 308, 77, 0.571429, 0.830619, 0.000000, 0, 0, 0
1, 32, 16, 64, 100, 2, 4, 8, 257, 77, 0.300000, 0.566406, 0.000000, 0, 0, 0
1, 32, 16, 64, 100, 3, 1, 8, 311, 98, 0.312500, 0.867742, 0.000000, 0, 0, 0
1, 32, 16, 64, 100, 3, 2, 8, 277, 83, 0.333333, 0.717391, 0.000000, 0, 0, 0
1, 32, 16, 64, 100, 3, 3, 8, 308, 77, 0.571429, 0.830619, 0.000000, 0, 0, 0
1, 32, 16, 64, 100, 3, 4, 8, 250, 77, 0.250000, 0.771552, 0.000000, 30, 0, 0
1, 32, 16, 64, 1000, 1, 1, 8, 1056, 98, 0.312500, 0.789062, 0.000000, 256, 0, 0
1, 32, 16, 64, 1000, 1, 2, 8, 988, 83, 0.125000, 0.736264, 0.000000, 623, 0, 0
1, 32, 16, 64, 1000, 1, 3, 8, 1075, 77, 0.571429, 0.738589, 0.000000, 192, 0, 0
1, 32, 16, 64, 1000, 1, 4, 8, 1015, 77, 0.200000, 0.663594, 0.000000, 530, 0, 0
1, 32, 16, 64, 1000, 2, 1, 8, 1038, 98, 0.312500, 0.901575, 0.000000, 448, 0, 0
1, 32, 16, 64, 1000, 2, 2, 8, 1048, 83, 0.125000, 0.460870, 0.000000, 344, 0, 0
1, 32, 16, 64, 1000, 2, 3, 8, 1048, 77, 0.571429, 0.850312, 0.000000, 384, 0, 0
1, 32, 16, 64, 1000, 2, 4, 8, 1015, 77, 0.200000, 0.534188, 0.000000, 437, 0, 0
1, 32, 16, 64, 1000, 3, 1, 8, 1038, 98, 0.312500, 0.901575, 0.000000, 448, 0, 0
1, 32, 16, 64, 1000, 3, 2, 8, 1036, 83, 0.333333, 0.583144, 0.000000, 0, 0, 0
1, 32, 16, 64, 1000, 3, 3, 8, 1048, 77, 0.571429, 0.850312, 0.000000, 384, 0, 0
1, 32, 16, 64, 1000, 3, 4, 8, 1015, 77, 0.200000, 0.663594, 0.000000, 530, 0, 0
2, 12, 6, 8, 100, 1, 1, 8, 263, 98, 0.312500, 0.739899, 0.000000, 92, 1, 0
2, 12, 6, 8, 100, 1, 2, 8, 221, 83, 0.125000, 0.556180, 0.000000, 120, 0, 0
2, 12, 6, 8, 100, 1, 3, 8, 329, 77, 0.571429, 0.492991, 0.000000, 64, 0, 0
2, 12, 6, 8, 100, 1, 4, 8, 235, 77, 0.200000, 0.390000, 0.000000, 119, 0, 0
2, 12, 6, 8, 100, 2, 1, 8, 263, 98, 0.312500, 0.788557, 0.000000, 92, 1, 0
2, 12, 6, 8, 100, 2, 2, 8, 221, 83, 0.125000, 0.556180, 0.000000, 120, 0, 0
2, 12, 6, 8, 100, 2, 3, 8, 300, 77, 0.571429, 0.616822, 0.000000, 44, 0, 0
2, 12, 6, 8, 100, 2, 4, 8, 266, 77, 0.250000, 0.312000, 0.000000, 119, 0, 0
2, 12, 6, 8, 100, 3, 1, 8, 263, 98, 0.312500, 0.788557, 0.000000, 92, 1, 0
2, 12, 6, 8, 100, 3, 2, 8, 221, 83, 0.125000, 0.556180, 0.000000, 120, 0, 0
2, 12, 6, 8, 100, 3, 3, 8, 300, 77, 0.571429, 0.616822, 0.000000, 44, 0, 0
2, 12, 6, 8, 100, 3, 4, 8, 252, 77, 0.250000, 0.417391, 0.000000, 118, 0, 0
2, 12, 6, 8, 1000, 1, 1, 8, 1042, 98, 0.312500, 0.751282, 0.000000, 637, 1, 0
2, 12, 6, 8, 1000, 1, 2, 8, 1078, 83, 0.125000, 0.556180, 0.000000, 743, 0, 0
2, 12, 6, 8, 1000, 1, 3, 8, 1541, 77, 0.571429, 0.432692, 0.000000, 286, 0, 0
2, 12, 6, 8, 1000, 1, 4, 8, 1170, 77, 0.200000, 0.404040, 0.000000, 741, 1, 0
2, 12, 6, 8, 1000, 2, 1, 8, 1042, 98, 0.312500, 0.795455, 0.000000, 637, 1, 0
2, 12, 6, 8, 1000, 2, 2, 8, 1078, 83, 0.125000, 0.556180, 0.000000, 743, 0, 0
2, 12, 6, 8, 1000, 2, 3, 8, 1364, 77, 0.571429, 0.574879, 0.000000, 199, 0, 0
2, 12, 6, 8, 1000, 2, 4, 8, 1356, 77, 0.250000, 0.333333, 0.000000, 739, 2, 0
2, 12, 6, 8, 1000, 3, 1, 8, 1042, 98, 0.312500, 0.795455, 0.000000, 637, 1, 0
2, 12, 6, 8, 1000, 3, 2, 8, 1078, 83, 0.125000, 0.556180, 0.000000, 743, 0, 0
2, 12, 6, 8, 1000, 3, 3, 8, 1364, 77, 0.571429, 0.574879, 0.000000, 199, 0, 0
2, 12, 6, 8, 1000, 3, 4, 8, 1170, 77, 0.200000, 0.404040, 0.000000, 741, 1, 0
2, 12, 6, 16, 100, 1, 1, 8, 263, 98, 0.312500, 0.797980, 0.000000, 92, 1, 0
2, 12, 6, 16, 100, 1, 2, 8, 200, 83, 0.125000, 0.771084, 0.000000, 119, 0, 0
2, 12, 6, 16, 100, 1, 3, 8, 269, 77, 0.571429, 0.785000, 0.000000, 94, 0, 0
2, 12, 6, 16, 100, 1, 4, 8, 203, 77, 0.200000, 0.682796, 0.000000, 116, 1, 0
2, 12, 6, 16, 100, 2, 1, 8, 263, 98, 0.312500, 0.805970, 0.000000, 92, 1, 0
2, 12, 6, 16, 100, 2, 2, 8, 233, 83, 0.291667, 0.803030, 0.000000, 117, 0, 0
2, 12, 6, 16, 100, 2, 3, 8, 268, 77, 0.571429, 0.819095, 0.000000, 93, 0, 0
2, 12, 6, 16, 100, 2, 4, 8, 213, 77, 0.250000, 0.631818, 0.000000, 114, 2, 0
2, 12, 6, 16, 100, 3, 1, 8, 263, 98, 0.312500, 0.805970, 0.000000, 92, 1, 0
2, 12, 6, 16, 100, 3, 2, 8, 200, 83, 0.125000, 0.771084, 0.000000, 119, 0, 0
2, 12, 6, 16, 100, 3, 3, 8, 268, 77, 0.571429, 0.819095, 0.000000, 93, 0, 0
2, 12, 6, 16, 100, 3, 4, 8, 203, 77, 0.200000, 0.682796, 0.000000, 116, 1, 0
2, 12, 6, 16, 1000, 1, 1, 8, 1042, 98, 0.312500, 0.848485, 0.000000, 637, 1, 0
2, 12, 6, 16, 1000, 1, 2, 8, 902, 83, 0.125000, 0.771084, 0.000000, 743, 0, 0
2, 12, 6, 16, 1000, 1, 3, 8, 1049, 77, 0.571429, 0.788945, 0.000000, 640, 0, 0
2, 12, 6, 16, 1000, 1, 4, 8, 906, 77, 0.200000, 0.682796, 0.000000, 741, 1, 0
2, 12, 6, 16, 1000, 2, 1, 8, 1042, 98, 0.312500, 0.848485, 0.000000, 637, 1, 0
2, 12, 6, 16, 1000, 2, 2, 8, 935, 83, 0.291667, 0.803030, 0.000000, 741, 0, 0
2, 12, 6, 16, 1000, 2, 3, 8, 1048, 77, 0.571429, 0.818182, 0.000000, 639, 0, 0
2, 12, 6, 16, 1000, 2, 4, 8, 916, 77, 0.250000, 0.631818, 0.000000, 739, 2, 0
2, 12, 6, 16, 1000, 3, 1, 8, 1042, 98, 0.312500, 0.848485, 0.000000, 637, 1, 0
2, 12, 6, 16, 1000, 3, 2, 8, 902, 83, 0.125000, 0.771084, 0.000000, 743, 0, 0
2, 12, 6, 16, 1000, 3, 3, 8, 1048, 77, 0.571429, 0.818182, 0.000000, 639, 0, 0
2, 12, 6, 16, 1000, 3, 4, 8, 906, 77, 0.200000, 0.682796, 0.000000, 741, 1, 0
2, 12, 6, 64, 100, 1, 1, 8, 252, 98, 0.312500, 0.849741, 0.000000, 91, 1, 0
2, 12, 6, 64, 100, 1, 2, 8, 200, 83, 0.125000, 0.771084, 0.000000, 119, 0, 0
2, 12, 6, 64, 100, 1, 3, 8, 258, 77, 0.571429, 0.833333, 0.000000, 93, 0, 0
2, 12, 6, 64, 100, 1, 4, 8, 203, 77, 0.200000, 0.682796, 0.000000, 116, 1, 0
2, 12, 6, 64, 100, 2, 1, 8, 252, 98, 0.312500, 0.849741, 0.000000, 91, 1, 0
2, 12, 6, 64, 100, 2, 2, 8, 233, 83, 0.291667, 0.803030, 0.000000, 117, 0, 0
2, 12, 6, 64, 100, 2, 3, 8, 257, 77, 0.571429, 0.845550, 0.000000, 92, 0, 0
2, 12, 6, 64, 100, 2, 4, 8, 213, 77, 0.250000, 0.631818, 0.000000, 114, 2, 0
2, 12, 6, 64, 100, 3, 1, 8, 252, 98, 0.312500, 0.849741, 0.000000, 91, 1, 0
2, 12, 6, 64, 100, 3, 2, 8, 200, 83, 0.125000, 0.771084, 0.000000, 119, 0, 0
2, 12, 6, 64, 100, 3, 3, 8, 257, 77, 0.571429, 0.845550, 0.000000, 92, 0, 0
2, 12, 6, 64, 100, 3, 4, 8, 203, 77, 0.200000, 0.682796, 0.000000, 116, 1, 0
2, 12, 6, 64, 1000, 1, 1, 8, 954, 98, 0.312500, 0.858639, 0.000000, 637, 1, 0
2, 12, 6, 64, 1000, 1, 2, 8, 902, 83, 0.125000, 0.771084, 0.000000, 743, 0, 0
2, 12, 6, 64, 1000, 1, 3, 8, 961, 77, 0.571429, 0.833333, 0.000000, 640, 0, 0
2, 12, 6, 64, 1000, 1, 4, 8, 906, 77, 0.200000, 0.682796, 0.000000, 741, 1, 0
2, 12, 6, 64, 1000, 2, 1, 8, 954, 98, 0.312500, 0.858639, 0.000000, 637, 1, 0
2, 12, 6, 64, 1000, 2, 2, 8, 935, 83, 0.291667, 0.803030, 0.000000, 741, 0, 0
2, 12, 6, 64, 1000, 2, 3, 8, 960, 77, 0.571429, 0.845550, 0.000000, 639, 0, 0
2, 12, 6, 64, 1000, 2, 4, 8, 916, 77, 0.250000, 0.631818, 0.000000, 739, 2, 0
2, 12, 6, 64, 1000, 3, 1, 8, 954, 98, 0.312500, 0.858639, 0.000000, 637, 1, 0
2, 12, 6, 64, 1000, 3, 2, 8, 902, 83, 0.125000, 0.771084, 0.000000, 743, 0, 0
2, 12, 6, 64, 1000, 3, 3, 8, 960, 77, 0.571429, 0.845550, 0.000000, 639, 0, 0
2, 12, 6, 64, 1000, 3, 4, 8, 906, 77, 0.200000, 0.682796, 0.000000, 741, 1, 0
2, 24, 12, 8, 100, 1, 1, 8, 308, 98, 0.437500, 0.770463, 0.000000, 36, 0, 0
2, 24, 12, 8, 100, 1, 2, 8, 221, 83, 0.125000, 0.480952, 0.000000, 98, 0, 0
2, 24, 12, 8, 100, 1, 3, 8, 332, 77, 0.571429, 0.460784, 0.000000, 19, 0, 0
2, 24, 12, 8, 100, 1, 4, 8, 245, 77, 0.200000, 0.251908, 0.000000, 83, 0, 0
2, 24, 12, 8, 100, 2, 1, 8, 263, 98, 0.312500, 0.830000, 0.000000, 42, 0, 0
2, 24, 12, 8, 100, 2, 2, 8, 249, 83, 0.208333, 0.425000, 0.000000, 83, 0, 0
2, 24, 12, 8, 100, 2, 3, 8, 301, 77, 0.571429, 0.597561, 0.000000, 0, 0, 0
2, 24, 12, 8, 100, 2, 4, 8, 231, 77, 0.150000, 0.152174, 0.000000, 53, 0, 0
2, 24, 12, 8, 100, 3, 1, 8, 263, 98, 0.312500, 0.830000, 0.000000, 42, 0, 0
2, 24, 12, 8, 100, 3, 2, 8, 221, 83, 0.125000, 0.480952, 0.000000, 98, 0, 0
2, 24, 12, 8, 100, 3, 3, 8, 301, 77, 0.571429, 0.591463, 0.000000, 0, 0, 0
2, 24, 12, 8, 100, 3, 4, 8, 263, 77, 0.250000, 0.325658, 0.000000, 73, 0, 0
2, 24, 12, 8, 1000, 1, 1, 8, 1165, 98, 0.437500, 0.782374, 0.000000, 504, 0, 0
2, 24, 12, 8, 1000, 1, 2, 8, 1078, 83, 0.125000, 0.529126, 0.000000, 643, 0, 0
2, 24, 12, 8, 1000, 1, 3, 8, 1542, 77, 0.571429, 0.454167, 0.000000, 97, 0, 0
2, 24, 12, 8, 1000, 1, 4, 8, 1258, 77, 0.200000, 0.312500, 0.000000, 550, 0, 0
2, 24, 12, 8, 1000, 2, 1, 8, 1042, 98, 0.312500, 0.836032, 0.000000, 588, 0, 0
2, 24, 12, 8, 1000, 2, 2, 8, 1184, 83, 0.208333, 0.460145, 0.000000, 550, 0, 0
2, 24, 12, 8, 1000, 2, 3, 8, 1366, 77, 0.571429, 0.579060, 0.000000, 0, 0, 0
2, 24, 12, 8, 1000, 2, 4, 8, 1166, 77, 0.150000, 0.215385, 0.000000, 364, 0, 0
2, 24, 12, 8, 1000, 3, 1, 8, 1042, 98, 0.312500, 0.836032, 0.000000, 588, 0, 0
2, 24, 12, 8, 1000, 3, 2, 8, 1078, 83, 0.125000, 0.529126, 0.000000, 643, 0, 0
2, 24, 12, 8, 1000, 3, 3, 8, 1366, 77, 0.571429, 0.579060, 0.000000, 0, 0, 0
2, 24, 12, 8, 1000, 3, 4, 8, 1258, 77, 0.200000, 0.312500, 0.000000, 550, 0, 0
2, 24, 12, 16, 100, 1, 1, 8, 263, 98, 0.312500, 0.825911, 0.000000, 36, 0, 0
2, 24, 12, 16, 100, 1, 2, 8, 211, 83, 0.125000, 0.632653, 0.000000, 98, 0, 0
2, 24, 12, 16, 100, 1, 3, 8, 280, 77, 0.571429, 0.743952, 0.000000, 32, 0, 0
2, 24, 12, 16, 100, 1, 4, 8, 214, 77, 0.200000, 0.631579, 0.000000, 83, 0, 0
2, 24, 12, 16, 100, 2, 1, 8, 263, 98, 0.312500, 0.844000, 0.000000, 42, 0, 0
2, 24, 12, 16, 100, 2, 2, 8, 229, 83, 0.208333, 0.647287, 0.000000, 83, 0, 0
2, 24, 12, 16, 100, 2, 3, 8, 268, 77, 0.571429, 0.823413, 0.000000, 36, 0, 0
2, 24, 12, 16, 100, 2, 4, 8, 210, 77, 0.150000, 0.417323, 0.000000, 53, 0, 0
2, 24, 12, 16, 100, 3, 1, 8, 263, 98, 0.312500, 0.844000, 0.000000, 42, 0, 0
2, 24, 12, 16, 100, 3, 2, 8, 211, 83, 0.125000, 0.632653, 0.000000, 98, 0, 0
2, 24, 12, 16, 100, 3, 3, 8, 268, 77, 0.571429, 0.823413, 0.000000, 36, 0, 0
2, 24, 12, 16, 100, 3, 4, 8, 217, 77, 0.200000, 0.525000, 0.000000, 53, 0, 0
2, 24, 12, 16, 1000, 1, 1, 8, 1042, 98, 0.312500, 0.843373, 0.000000, 504, 0, 0
2, 24, 12, 16, 1000, 1, 2, 8, 990, 83, 0.125000, 0.711340, 0.000000, 643, 0, 0
2, 24, 12, 16, 1000, 1, 3, 8, 1137, 77, 0.571429, 0.743852, 0.000000, 421, 0, 0
2, 24, 12, 16, 1000, 1, 4, 8, 994, 77, 0.200000, 0.612613, 0.000000, 550, 0, 0
2, 24, 12, 16, 1000, 2, 1, 8, 1042, 98, 0.312500, 0.878543, 0.000000, 588, 0, 0
2, 24, 12, 16, 1000, 2, 2, 8, 1184, 83, 0.208333, 0.403333, 0.000000, 364, 0, 0
2, 24, 12, 16, 1000, 2, 3, 8, 1048, 77, 0.571429, 0.824597, 0.000000, 504, 0, 0
2, 24, 12, 16, 1000, 2, 4, 8, 990, 77, 0.150000, 0.403361, 0.000000, 364, 0, 0
2, 24, 12, 16, 1000, 3, 1, 8, 1042, 98, 0.312500, 0.878543, 0.000000, 588, 0, 0
2, 24, 12, 16, 1000, 3, 2, 8, 990, 83, 0.125000, 0.711340, 0.000000, 643, 0, 0
2, 24, 12, 16, 1000, 3, 3, 8, 1048, 77, 0.571429, 0.824597, 0.000000, 504, 0, 0
2, 24, 12, 16, 1000, 3, 4, 8, 994, 77, 0.200000, 0.612613, 0.000000, 550, 0, 0
2, 24, 12, 64, 100, 1, 1, 8, 252, 98, 0.312500, 0.871901, 0.000000, 36, 0, 0
2, 24, 12, 64, 100, 1, 2, 8, 200, 83, 0.125000, 0.707071, 0.000000, 97, 0, 0
2, 24, 12, 64, 100, 1, 3, 8, 258, 77, 0.571429, 0.812245, 0.000000, 31, 0, 0
2, 24, 12, 64, 100, 1, 4, 8, 203, 77, 0.200000, 0.669565, 0.000000, 82, 0, 0
2, 24, 12, 64, 100, 2, 1, 8, 252, 98, 0.312500, 0.880165, 0.000000, 42, 0, 0
2, 24, 12, 64, 100, 2, 2, 8, 218, 83, 0.208333, 0.648026, 0.000000, 52, 0, 0
2, 24, 12, 64, 100, 2, 3, 8, 257, 77, 0.571429, 0.846939, 0.000000, 36, 0, 0
2, 24, 12, 64, 100, 2, 4, 8, 203, 77, 0.200000, 0.665217, 0.000000, 82, 0, 0
2, 24, 12, 64, 100, 3, 1, 8, 252, 98, 0.312500, 0.880165, 0.000000, 42, 0, 0
2, 24, 12, 64, 100, 3, 2, 8, 200, 83, 0.125000, 0.707071, 0.000000, 97, 0, 0
2, 24, 12, 64, 100, 3, 3, 8, 257, 77, 0.571429, 0.846939, 0.000000, 36, 0, 0
2, 24, 12, 64, 100, 3, 4, 8, 199, 77, 0.150000, 0.472656, 0.000000, 52, 0, 0
2, 24, 12, 64, 1000, 1, 1, 8, 954, 98, 0.312500, 0.851852, 0.000000, 504, 0, 0
2, 24, 12, 64, 1000, 1, 2, 8, 902, 83, 0.125000, 0.721649, 0.000000, 643, 0, 0
2, 24, 12, 64, 1000, 1, 3, 8, 961, 77, 0.571429, 0.799163, 0.000000, 421, 0, 0
2, 24, 12, 64, 1000, 1, 4, 8, 906, 77, 0.200000, 0.651786, 0.000000, 550, 0, 0
2, 24, 12, 64, 1000, 2, 1, 8, 954, 98, 0.312500, 0.887500, 0.000000, 588, 0, 0
2, 24, 12, 64, 1000, 2, 2, 8, 920, 83, 0.208333, 0.624242, 0.000000, 364, 0, 0
2, 24, 12, 64, 1000, 2, 3, 8, 960, 77, 0.571429, 0.844398, 0.000000, 504, 0, 0
2, 24, 12, 64, 1000, 2, 4, 8, 906, 77, 0.200000, 0.638393, 0.000000, 550, 0, 0
2, 24, 12, 64, 1000, 3, 1, 8, 954, 98, 0.312500, 0.887500, 0.000000, 588, 0, 0
2, 24, 12, 64, 1000, 3, 2, 8, 902, 83, 0.125000, 0.721649, 0.000000, 643, 0, 0
2, 24, 12, 64, 1000, 3, 3, 8, 960, 77, 0.571429, 0.844398, 0.000000, 504, 0, 0
2, 24, 12, 64, 1000, 3, 4, 8, 902, 77, 0.150000, 0.458678, 0.000000, 364, 0, 0
2, 32, 16, 8, 100, 1, 1, 8, 309, 98, 0.437500, 0.774476, 0.000000, 7, 0, 0
2, 32, 16, 8, 100, 1, 2, 8, 221, 83, 0.125000, 0.500000, 0.000000, 94, 0, 0
2, 32, 16, 8, 100, 1, 3, 8, 333, 77, 0.571429, 0.460227, 0.000000, 5, 0, 0
2, 32, 16, 8, 100, 1, 4, 8, 235, 77, 0.200000, 0.310078, 0.000000, 76, 0, 0
2, 32, 16, 8, 100, 2, 1, 8, 270, 98, 0.312500, 0.834630, 0.000000, 14, 0, 0
2, 32, 16, 8, 100, 2, 2, 8, 221, 83, 0.125000, 0.500000, 0.000000, 94, 0, 0
2, 32, 16, 8, 100, 2, 3, 8, 301, 77, 0.571429, 0.597561, 0.000000, 0, 0, 0
2, 32, 16, 8, 100, 2, 4, 8, 245, 77, 0.200000, 0.246324, 0.000000, 76, 0, 0
2, 32, 16, 8, 100, 3, 1, 8, 270, 98, 0.312500, 0.834630, 0.000000, 14, 0, 0
2, 32, 16, 8, 100, 3, 2, 8, 221, 83, 0.125000, 0.500000, 0.000000, 94, 0, 0
2, 32, 16, 8, 100, 3, 3, 8, 301, 77, 0.571429, 0.591463, 0.000000, 0, 0, 0
2, 32, 16, 8, 100, 3, 4, 8, 254, 77, 0.250000, 0.260736, 0.000000, 48, 0, 0
2, 32, 16, 8, 1000, 1, 1, 8, 1165, 98, 0.437500, 0.799669, 0.000000, 480, 0, 0
2, 32, 16, 8, 1000, 1, 2, 8, 1078, 83, 0.125000, 0.546729, 0.000000, 639, 0, 0
2, 32, 16, 8, 1000, 1, 3, 8, 1542, 77, 0.571429, 0.455285, 0.000000, 9, 0, 0
2, 32, 16, 8, 1000, 1, 4, 8, 1170, 77, 0.200000, 0.373016, 0.000000, 543, 0, 0
2, 32, 16, 8, 1000, 2, 1, 8, 1042, 98, 0.312500, 0.852727, 0.000000, 560, 0, 0
2, 32, 16, 8, 1000, 2, 2, 8, 1078, 83, 0.125000, 0.546729, 0.000000, 639, 0, 0
2, 32, 16, 8, 1000, 2, 3, 8, 1366, 77, 0.571429, 0.579060, 0.000000, 0, 0, 0
2, 32, 16, 8, 1000, 2, 4, 8, 1258, 77, 0.200000, 0.304511, 0.000000, 543, 0, 0
2, 32, 16, 8, 1000, 3, 1, 8, 1042, 98, 0.312500, 0.852727, 0.000000, 560, 0, 0
2, 32, 16, 8, 1000, 3, 2, 8, 1078, 83, 0.125000, 0.546729, 0.000000, 639, 0, 0
2, 32, 16, 8, 1000, 3, 3, 8, 1366, 77, 0.571429, 0.579060, 0.000000, 0, 0, 0
2, 32, 16, 8, 1000, 3, 4, 8, 1170, 77, 0.200000, 0.373016, 0.000000, 543, 0, 0
2, 32, 16, 16, 100, 1, 1, 8, 269, 98, 0.312500, 0.830040, 0.000000, 12, 0, 0
2, 32, 16, 16, 100, 1, 2, 8, 211, 83, 0.125000, 0.647059, 0.000000, 94, 0, 0
2, 32, 16, 16, 100, 1, 3, 8, 283, 77, 0.571429, 0.750980, 0.000000, 10, 0, 0
2, 32, 16, 16, 100, 1, 4, 8, 214, 77, 0.200000, 0.644068, 0.000000, 79, 0, 0
2, 32, 16, 16, 100, 2, 1, 8, 270, 98, 0.312500, 0.848249, 0.000000, 14, 0, 0
2, 32, 16, 16, 100, 2, 2, 8, 211, 83, 0.125000, 0.647059, 0.000000, 94, 0, 0
2, 32, 16, 16, 100, 2, 3, 8, 273, 77, 0.571429, 0.826848, 0.000000, 11, 0, 0
2, 32, 16, 16, 100, 2, 4, 8, 214, 77, 0.200000, 0.567797, 0.000000, 79, 0, 0
2, 32, 16, 16, 100, 3, 1, 8, 270, 98, 0.312500, 0.848249, 0.000000, 14, 0, 0
2, 32, 16, 16, 100, 3, 2, 8, 211, 83, 0.125000, 0.647059, 0.000000, 94, 0, 0
2, 32, 16, 16, 100, 3, 3, 8, 273, 77, 0.571429, 0.826848, 0.000000, 11, 0, 0
2, 32, 16, 16, 100, 3, 4, 8, 217, 77, 0.200000, 0.538194, 0.000000, 49, 0, 0
2, 32, 16, 16, 1000, 1, 1, 8, 1042, 98, 0.312500, 0.857143, 0.000000, 480, 0, 0
2, 32, 16, 16, 1000, 1, 2, 8, 990, 83, 0.125000, 0.722772, 0.000000, 639, 0, 0
2, 32, 16, 16, 1000, 1, 3, 8, 1137, 77, 0.571429, 0.748106, 0.000000, 321, 0, 0
2, 32, 16, 16, 1000, 1, 4, 8, 994, 77, 0.200000, 0.626087, 0.000000, 546, 0, 0
2, 32, 16, 16, 1000, 2, 1, 8, 1042, 98, 0.312500, 0.890909, 0.000000, 560, 0, 0
2, 32, 16, 16, 1000, 2, 2, 8, 993, 83, 0.125000, 0.730769, 0.000000, 639, 0, 0
2, 32, 16, 16, 1000, 2, 3, 8, 1048, 77, 0.571429, 0.840074, 0.000000, 480, 0, 0
2, 32, 16, 16, 1000, 2, 4, 8, 994, 77, 0.200000, 0.556522, 0.000000, 546, 0, 0
2, 32, 16, 16, 1000, 3, 1, 8, 1042, 98, 0.312500, 0.890909, 0.000000, 560, 0, 0
2, 32, 16, 16, 1000, 3, 2, 8, 990, 83, 0.125000, 0.722772, 0.000000, 639, 0, 0
2, 32, 16, 16, 1000, 3, 3, 8, 1048, 77, 0.571429, 0.840074, 0.000000, 480, 0, 0
2, 32, 16, 16, 1000, 3, 4, 8, 994, 77, 0.200000, 0.626087, 0.000000, 546, 0, 0
2, 32, 16, 64, 100, 1, 1, 8, 258, 98, 0.312500, 0.875000, 0.000000, 12, 0, 0
2, 32, 16, 64, 100, 1, 2, 8, 200, 83, 0.125000, 0.718447, 0.000000, 92, 0, 0
2, 32, 16, 64, 100, 1, 3, 8, 261, 77, 0.571429, 0.815261, 0.000000, 9, 0, 0
2, 32, 16, 64, 100, 1, 4, 8, 203, 77, 0.200000, 0.680672, 0.000000, 77, 0, 0
2, 32, 16, 64, 100, 2, 1, 8, 259, 98, 0.312500, 0.883534, 0.000000, 14, 0, 0
2, 32, 16, 64, 100, 2, 2, 8, 210, 83, 0.166667, 0.570968, 0.000000, 32, 0, 0
2, 32, 16, 64, 100, 2, 3, 8, 262, 77, 0.571429, 0.850000, 0.000000, 11, 0, 0
2, 32, 16, 64, 100, 2, 4, 8, 203, 77, 0.200000, 0.642857, 0.000000, 77, 0, 0
2, 32, 16, 64, 100, 3, 1, 8, 259, 98, 0.312500, 0.883534, 0.000000, 14, 0, 0
2, 32, 16, 64, 100, 3, 2, 8, 200, 83, 0.125000, 0.718447, 0.000000, 92, 0, 0
2, 32, 16, 64, 100, 3, 3, 8, 262, 77, 0.571429, 0.850000, 0.000000, 11, 0, 0
2, 32, 16, 64, 100, 3, 4, 8, 203, 77, 0.200000, 0.577519, 0.000000, 62, 0, 0
2, 32, 16, 64, 1000, 1, 1, 8, 954, 98, 0.312500, 0.865169, 0.000000, 480, 0, 0
2, 32, 16, 64, 1000, 1, 2, 8, 902, 83, 0.125000, 0.732673, 0.000000, 639, 0, 0
2, 32, 16, 64, 1000, 1, 3, 8, 961, 77, 0.571429, 0.790076, 0.000000, 321, 0, 0
2, 32, 16, 64, 1000, 1, 4, 8, 906, 77, 0.200000, 0.663793, 0.000000, 546, 0, 0
2, 32, 16, 64, 1000, 2, 1, 8, 954, 98, 0.312500, 0.899254, 0.000000, 560, 0, 0
2, 32, 16, 64, 1000, 2, 2, 8, 905, 83, 0.125000, 0.740385, 0.000000, 639, 0, 0
2, 32, 16, 64, 1000, 2, 3, 8, 960, 77, 0.571429, 0.858491, 0.000000, 480, 0, 0
2, 32, 16, 64, 1000, 2, 4, 8, 906, 77, 0.200000, 0.559524, 0.000000, 453, 0, 0
2, 32, 16, 64, 1000, 3, 1, 8, 954, 98, 0.312500, 0.899254, 0.000000, 560, 0, 0
2, 32, 16, 64, 1000, 3, 2, 8, 902, 83, 0.125000, 0.732673, 0.000000, 639, 0, 0
2, 32, 16, 64, 1000, 3, 3, 8, 960, 77, 0.571429, 0.858491, 0.000000, 480, 0, 0
2, 32, 16, 64, 1000, 3, 4, 8, 906, 77, 0.200000, 0.551587, 0.000000, 453, 0, 0
3, 12, 6, 8, 100, 1, 1, 8, 311, 98, 0.500000, 0.623352, 0.000000, 113, 16, 0
3, 12, 6, 8, 100, 1, 2, 8, 208, 83, 0.125000, 0.569892, 0.000000, 116, 11, 0
3, 12, 6, 8, 100, 1, 3, 8, 274, 77, 0.476190, 0.473545, 0.000000, 71, 8, 0
3, 12, 6, 8, 100, 1, 4, 8, 220, 77, 0.200000, 0.411765, 0.000000, 108, 11, 0
3, 12, 6, 8, 100, 2, 1, 8, 311, 98, 0.500000, 0.623352, 0.000000, 113, 16, 0
3, 12, 6, 8, 100, 2, 2, 8, 260, 83, 0.291667, 0.436426, 0.000000, 116, 10, 0
3, 12, 6, 8, 100, 2, 3, 8, 290, 77, 0.523810, 0.527778, 0.000000, 77, 9, 0
3, 12, 6, 8, 100, 2, 4, 8, 231, 77, 0.250000, 0.379747, 0.000000, 109, 11, 0
3, 12, 6, 8, 100, 3, 1, 8, 311, 98, 0.500000, 0.623352, 0.000000, 113, 16, 0
3, 12, 6, 8, 100, 3, 2, 8, 208, 83, 0.125000, 0.569892, 0.000000, 116, 11, 0
3, 12, 6, 8, 100, 3, 3, 8, 290, 77, 0.523810, 0.527778, 0.000000, 77, 9, 0
3, 12, 6, 8, 100, 3, 4, 8, 220, 77, 0.200000, 0.411765, 0.000000, 108, 11, 0
3, 12, 6, 8, 1000, 1, 1, 8, 1091, 98, 0.500000, 0.623352, 0.000000, 659, 16, 0
3, 12, 6, 8, 1000, 1, 2, 8, 1066, 83, 0.125000, 0.569892, 0.000000, 740, 11, 0
3, 12, 6, 8, 1000, 1, 3, 8, 1202, 77, 0.476190, 0.529101, 0.000000, 298, 8, 0
3, 12, 6, 8, 1000, 1, 4, 8, 1156, 77, 0.200000, 0.411765, 0.000000, 732, 11, 0
3, 12, 6, 8, 1000, 2, 1, 8, 1091, 98, 0.500000, 0.623352, 0.000000, 659, 16, 0
3, 12, 6, 8, 1000, 2, 2, 8, 1274, 83, 0.291667, 0.436426, 0.000000, 740, 10, 0
3, 12, 6, 8, 1000, 2, 3, 8, 1296, 77, 0.523810, 0.588972, 0.000000, 304, 9, 0
3, 12, 6, 8, 1000, 2, 4, 8, 1167, 77, 0.250000, 0.379747, 0.000000, 733, 11, 0
3, 12, 6, 8, 1000, 3, 1, 8, 1091, 98, 0.500000, 0.623352, 0.000000, 659, 16, 0
3, 12, 6, 8, 1000, 3, 2, 8, 1066, 83, 0.125000, 0.569892, 0.000000, 740, 11, 0
3, 12, 6, 8, 1000, 3, 3, 8, 1296, 77, 0.523810, 0.588972, 0.000000, 304, 9, 0
3, 12, 6, 8, 1000, 3, 4, 8, 1156, 77, 0.200000, 0.411765, 0.000000, 732, 11, 0
3, 12, 6, 16, 100, 1, 1, 8, 311, 98, 0.500000, 0.885417, 0.000000, 113, 17, 0
3, 12, 6, 16, 100, 1, 2, 8, 188, 83, 0.125000, 0.745763, 0.000000, 117, 11, 0
3, 12, 6, 16, 100, 1, 3, 8, 245, 77, 0.476190, 0.733831, 0.000000, 89, 10, 0
3, 12, 6, 16, 100, 1, 4, 8, 190, 77, 0.200000, 0.615385, 0.000000, 112, 13, 0
3, 12, 6, 16, 100, 2, 1, 8, 311, 98, 0.500000, 0.885417, 0.000000, 113, 17, 0
3, 12, 6, 16, 100, 2, 2, 8, 223, 83, 0.291667, 0.724490, 0.000000, 120, 10, 0
3, 12, 6, 16, 100, 2, 3, 8, 253, 77, 0.523810, 0.769048, 0.000000, 103, 11, 0
3, 12, 6, 16, 100, 2, 4, 8, 201, 77, 0.250000, 0.561181, 0.000000, 114, 13, 0
3, 12, 6, 16, 100, 3, 1, 8, 311, 98, 0.500000, 0.885417, 0.000000, 113, 17, 0
3, 12, 6, 16, 100, 3, 2, 8, 188, 83, 0.125000, 0.745763, 0.000000, 117, 11, 0
3, 12, 6, 16, 100, 3, 3, 8, 253, 77, 0.523810, 0.769048, 0.000000, 103, 11, 0
3, 12, 6, 16, 100, 3, 4, 8, 190, 77, 0.200000, 0.615385, 0.000000, 112, 13, 0
3, 12, 6, 16, 1000, 1, 1, 8, 1091, 98, 0.500000, 0.896373, 0.000000, 659, 17, 0
3, 12, 6, 16, 1000, 1, 2, 8, 890, 83, 0.125000, 0.745763, 0.000000, 741, 11, 0
3, 12, 6, 16, 1000, 1, 3, 8, 1025, 77, 0.476190, 0.733831, 0.000000, 557, 10, 0
3, 12, 6, 16, 1000, 1, 4, 8, 892, 77, 0.200000, 0.615385, 0.000000, 736, 13, 0
3, 12, 6, 16, 1000, 2, 1, 8, 1091, 98, 0.500000, 0.896373, 0.000000, 659, 17, 0
3, 12, 6, 16, 1000, 2, 2, 8, 925, 83, 0.291667, 0.724490, 0.000000, 744, 10, 0
3, 12, 6, 16, 1000, 2, 3, 8, 1033, 77, 0.523810, 0.769048, 0.000000, 649, 11, 0
3, 12, 6, 16, 1000, 2, 4, 8, 903, 77, 0.250000, 0.561181, 0.000000, 738, 13, 0
3, 12, 6, 16, 1000, 3, 1, 8, 1091, 98, 0.500000, 0.896373, 0.000000, 659, 17, 0
3, 12, 6, 16, 1000, 3, 2, 8, 890, 83, 0.125000, 0.745763, 0.000000, 741, 11, 0
3, 12, 6, 16, 1000, 3, 3, 8, 1033, 77, 0.523810, 0.769048, 0.000000, 649, 11, 0
3, 12, 6, 16, 1000, 3, 4, 8, 892, 77, 0.200000, 0.615385, 0.000000, 736, 13, 0
3, 12, 6, 64, 100, 1, 1, 8, 301, 98, 0.500000, 0.905263, 0.000000, 113, 17, 0
3, 12, 6, 64, 100, 1, 2, 8, 188, 83, 0.125000, 0.745763, 0.000000, 117, 11, 0
3, 12, 6, 64, 100, 1, 3, 8, 235, 77, 0.476190, 0.793532, 0.000000, 90, 10, 0
3, 12, 6, 64, 100, 1, 4, 8, 190, 77, 0.200000, 0.615385, 0.000000, 112, 13, 0
3, 12, 6, 64, 100, 2, 1, 8, 301, 98, 0.500000, 0.905263, 0.000000, 113, 17, 0
3, 12, 6, 64, 100, 2, 2, 8, 223, 83, 0.291667, 0.724490, 0.000000, 120, 10, 0
3, 12, 6, 64, 100, 2, 3, 8, 243, 77, 0.523810, 0.845411, 0.000000, 104, 11, 0
3, 12, 6, 64, 100, 2, 4, 8, 201, 77, 0.250000, 0.561181, 0.000000, 114, 13, 0
3, 12, 6, 64, 100, 3, 1, 8, 301, 98, 0.500000, 0.905263, 0.000000, 113, 17, 0
3, 12, 6, 64, 100, 3, 2, 8, 188, 83, 0.125000, 0.745763, 0.000000, 117, 11, 0
3, 12, 6, 64, 100, 3, 3, 8, 243, 77, 0.523810, 0.845411, 0.000000, 104, 11, 0
3, 12, 6, 64, 100, 3, 4, 8, 190, 77, 0.200000, 0.615385, 0.000000, 112, 13, 0
3, 12, 6, 64, 1000, 1, 1, 8, 1003, 98, 0.500000, 0.905263, 0.000000, 659, 17, 0
3, 12, 6, 64, 1000, 1, 2, 8, 890, 83, 0.125000, 0.745763, 0.000000, 741, 11, 0
3, 12, 6, 64, 1000, 1, 3, 8, 937, 77, 0.476190, 0.793532, 0.000000, 558, 10, 0
3, 12, 6, 64, 1000, 1, 4, 8, 892, 77, 0.200000, 0.615385, 0.000000, 736, 13, 0
3, 12, 6, 64, 1000, 2, 1, 8, 1003, 98, 0.500000, 0.905263, 0.000000, 659, 17, 0
3, 12, 6, 64, 1000, 2, 2, 8, 925, 83, 0.291667, 0.724490, 0.000000, 744, 10, 0
3, 12, 6, 64, 1000, 2, 3, 8, 945, 77, 0.523810, 0.845411, 0.000000, 650, 11, 0
3, 12, 6, 64, 1000, 2, 4, 8, 903, 77, 0.250000, 0.561181, 0.000000, 738, 13, 0
3, 12, 6, 64, 1000, 3, 1, 8, 1003, 98, 0.500000, 0.905263, 0.000000, 659, 17, 0
3, 12, 6, 64, 1000, 3, 2, 8, 890, 83, 0.125000, 0.745763, 0.000000, 741, 11, 0
3, 12, 6, 64, 1000, 3, 3, 8, 945, 77, 0.523810, 0.845411, 0.000000, 650, 11, 0
3, 12, 6, 64, 1000, 3, 4, 8, 892, 77, 0.200000, 0.615385, 0.000000, 736, 13, 0
3, 24, 12, 8, 100, 1, 1, 8, 311, 98, 0.500000, 0.663300, 0.000000, 91, 0, 0
3, 24, 12, 8, 100, 1, 2, 8, 206, 83, 0.125000, 0.516432, 0.000000, 98, 0, 0
3, 24, 12, 8, 100, 1, 3, 8, 274, 77, 0.476190, 0.447427, 0.000000, 14, 0, 0
3, 24, 12, 8, 100, 1, 4, 8, 230, 77, 0.200000, 0.318008, 0.000000, 81, 0, 0
3, 24, 12, 8, 100, 2, 1, 8, 311, 98, 0.500000, 0.663300, 0.000000, 91, 0, 0
3, 24, 12, 8, 100, 2, 2, 8, 237, 83, 0.166667, 0.218855, 0.000000, 54, 0, 0
3, 24, 12, 8, 100, 2, 3, 8, 290, 77, 0.523810, 0.542443, 0.000000, 16, 0, 0
3, 24, 12, 8, 100, 2, 4, 8, 220, 77, 0.200000, 0.273810, 0.000000, 81, 0, 0
3, 24, 12, 8, 100, 3, 1, 8, 311, 98, 0.500000, 0.663300, 0.000000, 91, 0, 0
3, 24, 12, 8, 100, 3, 2, 8, 206, 83, 0.125000, 0.516432, 0.000000, 98, 0, 0
3, 24, 12, 8, 100, 3, 3, 8, 290, 77, 0.523810, 0.542443, 0.000000, 16, 0, 0
3, 24, 12, 8, 100, 3, 4, 8, 230, 77, 0.200000, 0.318008, 0.000000, 81, 0, 0
3, 24, 12, 8, 1000, 1, 1, 8, 1091, 98, 0.500000, 0.663300, 0.000000, 637, 0, 0
3, 24, 12, 8, 1000, 1, 2, 8, 1064, 83, 0.125000, 0.518519, 0.000000, 644, 0, 0
3, 24, 12, 8, 1000, 1, 3, 8, 1203, 77, 0.476190, 0.482759, 0.000000, 95, 0, 0
3, 24, 12, 8, 1000, 1, 4, 8, 1244, 77, 0.200000, 0.325670, 0.000000, 549, 0, 0
3, 24, 12, 8, 1000, 2, 1, 8, 1091, 98, 0.500000, 0.663300, 0.000000, 637, 0, 0
3, 24, 12, 8, 1000, 2, 2, 8, 1163, 83, 0.166667, 0.273050, 0.000000, 366, 0, 0
3, 24, 12, 8, 1000, 2, 3, 8, 1297, 77, 0.523810, 0.569620, 0.000000, 96, 0, 0
3, 24, 12, 8, 1000, 2, 4, 8, 1156, 77, 0.200000, 0.281746, 0.000000, 549, 0, 0
3, 24, 12, 8, 1000, 3, 1, 8, 1091, 98, 0.500000, 0.663300, 0.000000, 637, 0, 0
3, 24, 12, 8, 1000, 3, 2, 8, 1064, 83, 0.125000, 0.518519, 0.000000, 644, 0, 0
3, 24, 12, 8, 1000, 3, 3, 8, 1297, 77, 0.523810, 0.569620, 0.000000, 96, 0, 0
3, 24, 12, 8, 1000, 3, 4, 8, 1244, 77, 0.200000, 0.325670, 0.000000, 549, 0, 0
3, 24, 12, 16, 100, 1, 1, 8, 311, 98, 0.500000, 0.897196, 0.000000, 91, 0, 0
3, 24, 12, 16, 100, 1, 2, 8, 196, 83, 0.125000, 0.705314, 0.000000, 99, 0, 0
3, 24, 12, 16, 100, 1, 3, 8, 245, 77, 0.476190, 0.714583, 0.000000, 54, 0, 0
3, 24, 12, 16, 100, 1, 4, 8, 200, 77, 0.200000, 0.600000, 0.000000, 82, 0, 0
3, 24, 12, 16, 100, 2, 1, 8, 311, 98, 0.500000, 0.897196, 0.000000, 91, 0, 0
3, 24, 12, 16, 100, 2, 2, 8, 217, 83, 0.166667, 0.432990, 0.000000, 55, 0, 0
3, 24, 12, 16, 100, 2, 3, 8, 253, 77, 0.523810, 0.764706, 0.000000, 64, 0, 0
3, 24, 12, 16, 100, 2, 4, 8, 200, 77, 0.200000, 0.554167, 0.000000, 82, 0, 0
3, 24, 12, 16, 100, 3, 1, 8, 311, 98, 0.500000, 0.897196, 0.000000, 91, 0, 0
3, 24, 12, 16, 100, 3, 2, 8, 212, 83, 0.208333, 0.758242, 0.000000, 95, 0, 0
3, 24, 12, 16, 100, 3, 3, 8, 253, 77, 0.523810, 0.764706, 0.000000, 64, 0, 0
3, 24, 12, 16, 100, 3, 4, 8, 200, 77, 0.200000, 0.600000, 0.000000, 82, 0, 0
3, 24, 12, 16, 1000, 1, 1, 8, 1091, 98, 0.500000, 0.906977, 0.000000, 637, 0, 0
3, 24, 12, 16, 1000, 1, 2, 8, 976, 83, 0.125000, 0.714976, 0.000000, 645, 0, 0
3, 24, 12, 16, 1000, 1, 3, 8, 1025, 77, 0.476190, 0.722917, 0.000000, 444, 0, 0
3, 24, 12, 16, 1000, 1, 4, 8, 980, 77, 0.200000, 0.578059, 0.000000, 502, 0, 0
3, 24, 12, 16, 1000, 2, 1, 8, 1091, 98, 0.500000, 0.906977, 0.000000, 637, 0, 0
3, 24, 12, 16, 1000, 2, 2, 8, 995, 83, 0.208333, 0.697917, 0.000000, 552, 0, 0
3, 24, 12, 16, 1000, 2, 3, 8, 1033, 77, 0.523810, 0.786275, 0.000000, 532, 0, 0
3, 24, 12, 16, 1000, 2, 4, 8, 980, 77, 0.200000, 0.544304, 0.000000, 502, 0, 0
3, 24, 12, 16, 1000, 3, 1, 8, 1091, 98, 0.500000, 0.906977, 0.000000, 637, 0, 0
3, 24, 12, 16, 1000, 3, 2, 8, 1072, 83, 0.166667, 0.473118, 0.000000, 384, 0, 0
3, 24, 12, 16, 1000, 3, 3, 8, 1033, 77, 0.523810, 0.786275, 0.000000, 532, 0, 0
3, 24, 12, 16, 1000, 3, 4, 8, 980, 77, 0.200000, 0.578059, 0.000000, 502, 0, 0
3, 24, 12, 64, 100, 1, 1, 8, 301, 98, 0.500000, 0.914692, 0.000000, 91, 0, 0
3, 24, 12, 64, 100, 1, 2, 8, 186, 83, 0.125000, 0.734300, 0.000000, 99, 0, 0
3, 24, 12, 64, 100, 1, 3, 8, 235, 77, 0.476190, 0.794239, 0.000000, 54, 0, 0
3, 24, 12, 64, 100, 1, 4, 8, 190, 77, 0.200000, 0.670833, 0.000000, 83, 0, 0
3, 24, 12, 64, 100, 2, 1, 8, 301, 98, 0.500000, 0.914692, 0.000000, 91, 0, 0
3, 24, 12, 64, 100, 2, 2, 8, 205, 83, 0.208333, 0.739583, 0.000000, 84, 0, 0
3, 24, 12, 64, 100, 2, 3, 8, 243, 77, 0.523810, 0.842209, 0.000000, 64, 0, 0
3, 24, 12, 64, 100, 2, 4, 8, 185, 77, 0.150000, 0.492248, 0.000000, 54, 0, 0
3, 24, 12, 64, 100, 3, 1, 8, 301, 98, 0.500000, 0.914692, 0.000000, 91, 0, 0
3, 24, 12, 64, 100, 3, 2, 8, 186, 83, 0.125000, 0.734300, 0.000000, 99, 0, 0
3, 24, 12, 64, 100, 3, 3, 8, 243, 77, 0.523810, 0.842209, 0.000000, 64, 0, 0
3, 24, 12, 64, 100, 3, 4, 8, 190, 77, 0.200000, 0.670833, 0.000000, 83, 0, 0
3, 24, 12, 64, 1000, 1, 1, 8, 1003, 98, 0.500000, 0.914692, 0.000000, 637, 0, 0
3, 24, 12, 64, 1000, 1, 2, 8, 888, 83, 0.125000, 0.724638, 0.000000, 645, 0, 0
3, 24, 12, 64, 1000, 1, 3, 8, 937, 77, 0.476190, 0.778481, 0.000000, 444, 0, 0
3, 24, 12, 64, 1000, 1, 4, 8, 892, 77, 0.200000, 0.637500, 0.000000, 551, 0, 0
3, 24, 12, 64, 1000, 2, 1, 8, 1003, 98, 0.500000, 0.914692, 0.000000, 637, 0, 0
3, 24, 12, 64, 1000, 2, 2, 8, 907, 83, 0.208333, 0.718750, 0.000000, 552, 0, 0
3, 24, 12, 64, 1000, 2, 3, 8, 945, 77, 0.523810, 0.830339, 0.000000, 532, 0, 0
3, 24, 12, 64, 1000, 2, 4, 8, 887, 77, 0.150000, 0.448413, 0.000000, 366, 0, 0
3, 24, 12, 64, 1000, 3, 1, 8, 1003, 98, 0.500000, 0.914692, 0.000000, 637, 0, 0
3, 24, 12, 64, 1000, 3, 2, 8, 888, 83, 0.125000, 0.724638, 0.000000, 645, 0, 0
3, 24, 12, 64, 1000, 3, 3, 8, 945, 77, 0.523810, 0.830339, 0.000000, 532, 0, 0
3, 24, 12, 64, 1000, 3, 4, 8, 892, 77, 0.200000, 0.637500, 0.000000, 551, 0, 0
3, 32, 16, 8, 100, 1, 1, 8, 311, 98, 0.500000, 0.705015, 0.000000, 63, 0, 0
3, 32, 16, 8, 100, 1, 2, 8, 206, 83, 0.125000, 0.529680, 0.000000, 96, 0, 0
3, 32, 16, 8, 100, 1, 3, 8, 274, 77, 0.476190, 0.443737, 0.000000, 0, 0, 0
3, 32, 16, 8, 100, 1, 4, 8, 220, 77, 0.200000, 0.348659, 0.000000, 75, 0, 0
3, 32, 16, 8, 100, 2, 1, 8, 311, 98, 0.500000, 0.705015, 0.000000, 63, 0, 0
3, 32, 16, 8, 100, 2, 2, 8, 219, 83, 0.125000, 0.262745, 0.000000, 66, 0, 0
3, 32, 16, 8, 100, 2, 3, 8, 290, 77, 0.523810, 0.562745, 0.000000, 0, 0, 0
3, 32, 16, 8, 100, 2, 4, 8, 230, 77, 0.200000, 0.260073, 0.000000, 61, 0, 0
3, 32, 16, 8, 100, 3, 1, 8, 311, 98, 0.500000, 0.705015, 0.000000, 63, 0, 0
3, 32, 16, 8, 100, 3, 2, 8, 206, 83, 0.125000, 0.529680, 0.000000, 96, 0, 0
3, 32, 16, 8, 100, 3, 3, 8, 290, 77, 0.523810, 0.562745, 0.000000, 0, 0, 0
3, 32, 16, 8, 100, 3, 4, 8, 220, 77, 0.200000, 0.348659, 0.000000, 75, 0, 0
3, 32, 16, 8, 1000, 1, 1, 8, 1091, 98, 0.500000, 0.705015, 0.000000, 609, 0, 0
3, 32, 16, 8, 1000, 1, 2, 8, 1064, 83, 0.125000, 0.531532, 0.000000, 642, 0, 0
3, 32, 16, 8, 1000, 1, 3, 8, 1203, 77, 0.476190, 0.475556, 0.000000, 4, 0, 0
3, 32, 16, 8, 1000, 1, 4, 8, 1156, 77, 0.200000, 0.356322, 0.000000, 543, 0, 0
3, 32, 16, 8, 1000, 2, 1, 8, 1091, 98, 0.500000, 0.705015, 0.000000, 609, 0, 0
3, 32, 16, 8, 1000, 2, 2, 8, 1155, 83, 0.125000, 0.273810, 0.000000, 456, 0, 0
3, 32, 16, 8, 1000, 2, 3, 8, 1297, 77, 0.523810, 0.581301, 0.000000, 4, 0, 0
3, 32, 16, 8, 1000, 2, 4, 8, 1244, 77, 0.200000, 0.267399, 0.000000, 451, 0, 0
3, 32, 16, 8, 1000, 3, 1, 8, 1091, 98, 0.500000, 0.705015, 0.000000, 609, 0, 0
3, 32, 16, 8, 1000, 3, 2, 8, 1064, 83, 0.125000, 0.531532, 0.000000, 642, 0, 0
3, 32, 16, 8, 1000, 3, 3, 8, 1297, 77, 0.523810, 0.581301, 0.000000, 4, 0, 0
3, 32, 16, 8, 1000, 3, 4, 8, 1156, 77, 0.200000, 0.356322, 0.000000, 543, 0, 0
3, 32, 16, 16, 100, 1, 1, 8, 311, 98, 0.500000, 0.909091, 0.000000, 63, 0, 0
3, 32, 16, 16, 100, 1, 2, 8, 196, 83, 0.125000, 0.717593, 0.000000, 96, 0, 0
3, 32, 16, 16, 100, 1, 3, 8, 245, 77, 0.476190, 0.695736, 0.000000, 42, 0, 0
3, 32, 16, 16, 100, 1, 4, 8, 200, 77, 0.200000, 0.614458, 0.000000, 79, 0, 0
3, 32, 16, 16, 100, 2, 1, 8, 311, 98, 0.500000, 0.909091, 0.000000, 63, 0, 0
3, 32, 16, 16, 100, 2, 2, 8, 209, 83, 0.125000, 0.443137, 0.000000, 67, 0, 0
3, 32, 16, 16, 100, 2, 3, 8, 253, 77, 0.523810, 0.782609, 0.000000, 50, 0, 0
3, 32, 16, 16, 100, 2, 4, 8, 200, 77, 0.200000, 0.532567, 0.000000, 65, 0, 0
3, 32, 16, 16, 100, 3, 1, 8, 311, 98, 0.500000, 0.909091, 0.000000, 63, 0, 0
3, 32, 16, 16, 100, 3, 2, 8, 212, 83, 0.208333, 0.773196, 0.000000, 90, 0, 0
3, 32, 16, 16, 100, 3, 3, 8, 253, 77, 0.523810, 0.782609, 0.000000, 50, 0, 0
3, 32, 16, 16, 100, 3, 4, 8, 200, 77, 0.200000, 0.614458, 0.000000, 79, 0, 0
3, 32, 16, 16, 1000, 1, 1, 8, 1091, 98, 0.500000, 0.917695, 0.000000, 609, 0, 0
3, 32, 16, 16, 1000, 1, 2, 8, 976, 83, 0.125000, 0.726852, 0.000000, 643, 0, 0
3, 32, 16, 16, 1000, 1, 3, 8, 1025, 77, 0.476190, 0.703488, 0.000000, 432, 0, 0
3, 32, 16, 16, 1000, 1, 4, 8, 980, 77, 0.200000, 0.593496, 0.000000, 499, 0, 0
3, 32, 16, 16, 1000, 2, 1, 8, 1091, 98, 0.500000, 0.917695, 0.000000, 609, 0, 0
3, 32, 16, 16, 1000, 2, 2, 8, 1067, 83, 0.125000, 0.453815, 0.000000, 458, 0, 0
3, 32, 16, 16, 1000, 2, 3, 8, 1033, 77, 0.523810, 0.802536, 0.000000, 518, 0, 0
3, 32, 16, 16, 1000, 2, 4, 8, 980, 77, 0.200000, 0.548780, 0.000000, 499, 0, 0
3, 32, 16, 16, 1000, 3, 1, 8, 1091, 98, 0.500000, 0.917695, 0.000000, 609, 0, 0
3, 32, 16, 16, 1000, 3, 2, 8, 1072, 83, 0.166667, 0.467320, 0.000000, 290, 0, 0
3, 32, 16, 16, 1000, 3, 3, 8, 1033, 77, 0.523810, 0.802536, 0.000000, 518, 0, 0
3, 32, 16, 16, 1000, 3, 4, 8, 980, 77, 0.200000, 0.593496, 0.000000, 499, 0, 0
3, 32, 16, 64, 100, 1, 1, 8, 301, 98, 0.500000, 0.924686, 0.000000, 63, 0, 0
3, 32, 16, 64, 100, 1, 2, 8, 186, 83, 0.125000, 0.745370, 0.000000, 97, 0, 0
3, 32, 16, 64, 100, 1, 3, 8, 235, 77, 0.476190, 0.804598, 0.000000, 42, 0, 0
3, 32, 16, 64, 100, 1, 4, 8, 190, 77, 0.200000, 0.682731, 0.000000, 81, 0, 0
3, 32, 16, 64, 100, 2, 1, 8, 301, 98, 0.500000, 0.924686, 0.000000, 63, 0, 0
3, 32, 16, 64, 100, 2, 2, 8, 189, 83, 0.125000, 0.580392, 0.000000, 68, 0, 0
3, 32, 16, 64, 100, 2, 3, 8, 243, 77, 0.523810, 0.854281, 0.000000, 50, 0, 0
3, 32, 16, 64, 100, 2, 4, 8, 190, 77, 0.200000, 0.606742, 0.000000, 67, 0, 0
3, 32, 16, 64, 100, 3, 1, 8, 301, 98, 0.500000, 0.924686, 0.000000, 63, 0, 0
3, 32, 16, 64, 100, 3, 2, 8, 186, 83, 0.125000, 0.745370, 0.000000, 97, 0, 0
3, 32, 16, 64, 100, 3, 3, 8, 243, 77, 0.523810, 0.854281, 0.000000, 50, 0, 0
3, 32, 16, 64, 100, 3, 4, 8, 190, 77, 0.200000, 0.682731, 0.000000, 81, 0, 0
3, 32, 16, 64, 1000, 1, 1, 8, 1003, 98, 0.500000, 0.924686, 0.000000, 609, 0, 0
3, 32, 16, 64, 1000, 1, 2, 8, 888, 83, 0.125000, 0.736111, 0.000000, 643, 0, 0
3, 32, 16, 64, 1000, 1, 3, 8, 937, 77, 0.476190, 0.776471, 0.000000, 432, 0, 0
3, 32, 16, 64, 1000, 1, 4, 8, 892, 77, 0.200000, 0.650602, 0.000000, 549, 0, 0
3, 32, 16, 64, 1000, 2, 1, 8, 1003, 98, 0.500000, 0.924686, 0.000000, 609, 0, 0
3, 32, 16, 64, 1000, 2, 2, 8, 891, 83, 0.125000, 0.564706, 0.000000, 458, 0, 0
3, 32, 16, 64, 1000, 2, 3, 8, 945, 77, 0.523810, 0.843462, 0.000000, 518, 0, 0
3, 32, 16, 64, 1000, 2, 4, 8, 892, 77, 0.200000, 0.560606, 0.000000, 457, 0, 0
3, 32, 16, 64, 1000, 3, 1, 8, 1003, 98, 0.500000, 0.924686, 0.000000, 609, 0, 0
3, 32, 16, 64, 1000, 3, 2, 8, 888, 83, 0.125000, 0.736111, 0.000000, 643, 0, 0
3, 32, 16, 64, 1000, 3, 3, 8, 945, 77, 0.523810, 0.843462, 0.000000, 518, 0, 0
3, 32, 16, 64, 1000, 3, 4, 8, 892, 77, 0.200000, 0.650602, 0.000000, 549, 0, 0
4, 12, 6, 8, 100, 1, 1, 8, 288, 98, 0.281250, 0.353723, 0.000000, 112, 24, 0
4, 12, 6, 8, 100, 1, 2, 8, 243, 83, 0.250000, 0.289683, 0.000000, 113, 22, 0
4, 12, 6, 8, 100, 1, 3, 8, 282, 77, 0.476190, 0.520115, 0.000000, 107, 24, 0
4, 12, 6, 8, 100, 1, 4, 8, 218, 77, 0.250000, 0.353774, 0.000000, 110, 20, 0
4, 12, 6, 8, 100, 2, 1, 8, 288, 98, 0.281250, 0.353723, 0.000000, 112, 24, 0
4, 12, 6, 8, 100, 2, 2, 8, 319, 83, 0.500000, 0.329439, 0.000000, 114, 28, 0
4, 12, 6, 8, 100, 2, 3, 8, 282, 77, 0.476190, 0.545977, 0.000000, 107, 24, 0
4, 12, 6, 8, 100, 2, 4, 8, 230, 77, 0.300000, 0.304167, 0.000000, 113, 22, 0
4, 12, 6, 8, 100, 3, 1, 8, 288, 98, 0.281250, 0.353723, 0.000000, 112, 24, 0
4, 12, 6, 8, 100, 3, 2, 8, 243, 83, 0.250000, 0.289683, 0.000000, 113, 22, 0
4, 12, 6, 8, 100, 3, 3, 8, 282, 77, 0.476190, 0.545977, 0.000000, 107, 24, 0
4, 12, 6, 8, 100, 3, 4, 8, 228, 77, 0.250000, 0.337963, 0.000000, 110, 20, 0
4, 12, 6, 8, 1000, 1, 1, 8, 1468, 98, 0.281250, 0.346774, 0.000000, 657, 24, 0
4, 12, 6, 8, 1000, 1, 2, 8, 1257, 83, 0.250000, 0.289683, 0.000000, 737, 22, 0
4, 12, 6, 8, 1000, 1, 3, 8, 1374, 77, 0.476190, 0.520115, 0.000000, 575, 24, 0
4, 12, 6, 8, 1000, 1, 4, 8, 1076, 77, 0.250000, 0.353774, 0.000000, 734, 20, 0
4, 12, 6, 8, 1000, 2, 1, 8, 1468, 98, 0.281250, 0.346774, 0.000000, 657, 24, 0
4, 12, 6, 8, 1000, 2, 2, 8, 1489, 83, 0.500000, 0.329439, 0.000000, 738, 28, 0
4, 12, 6, 8, 1000, 2, 3, 8, 1374, 77, 0.476190, 0.545977, 0.000000, 575, 24, 0
4, 12, 6, 8, 1000, 2, 4, 8, 1088, 77, 0.300000, 0.304167, 0.000000, 737, 22, 0
4, 12, 6, 8, 1000, 3, 1, 8, 1468, 98, 0.281250, 0.346774, 0.000000, 657, 24, 0
4, 12, 6, 8, 1000, 3, 2, 8, 1257, 83, 0.250000, 0.289683, 0.000000, 737, 22, 0
4, 12, 6, 8, 1000, 3, 3, 8, 1374, 77, 0.476190, 0.545977, 0.000000, 575, 24, 0
4, 12, 6, 8, 1000, 3, 4, 8, 1164, 77, 0.250000, 0.337963, 0.000000, 734, 20, 0
4, 12, 6, 16, 100, 1, 1, 8, 248, 98, 0.281250, 0.774752, 0.000000, 114, 26, 0
4, 12, 6, 16, 100, 1, 2, 8, 229, 83, 0.250000, 0.674242, 0.000000, 121, 22, 0
4, 12, 6, 16, 100, 1, 3, 8, 236, 77, 0.476190, 0.726064, 0.000000, 122, 30, 0
4, 12, 6, 16, 100, 1, 4, 8, 207, 77, 0.250000, 0.531818, 0.000000, 117, 19, 0
4, 12, 6, 16, 100, 2, 1, 8, 248, 98, 0.281250, 0.774752, 0.000000, 114, 26, 0
4, 12, 6, 16, 100, 2, 2, 8, 261, 83, 0.500000, 0.665254, 0.000000, 125, 29, 0
4, 12, 6, 16, 100, 2, 3, 8, 236, 77, 0.476190, 0.747340, 0.000000, 122, 30, 0
4, 12, 6, 16, 100, 2, 4, 8, 219, 77, 0.300000, 0.519231, 0.000000, 119, 21, 0
4, 12, 6, 16, 100, 3, 1, 8, 248, 98, 0.281250, 0.774752, 0.000000, 114, 26, 0
4, 12, 6, 16, 100, 3, 2, 8, 229, 83, 0.250000, 0.674242, 0.000000, 121, 22, 0
4, 12, 6, 16, 100, 3, 3, 8, 236, 77, 0.476190, 0.747340, 0.000000, 122, 30, 0
4, 12, 6, 16, 100, 3, 4, 8, 207, 77, 0.250000, 0.531818, 0.000000, 117, 19, 0
4, 12, 6, 16, 1000, 1, 1, 8, 940, 98, 0.281250, 0.767500, 0.000000, 659, 27, 0
4, 12, 6, 16, 1000, 1, 2, 8, 1087, 83, 0.250000, 0.674242, 0.000000, 745, 22, 0
4, 12, 6, 16, 1000, 1, 3, 8, 938, 77, 0.476190, 0.726064, 0.000000, 746, 30, 0
4, 12, 6, 16, 1000, 1, 4, 8, 987, 77, 0.250000, 0.531818, 0.000000, 741, 19, 0
4, 12, 6, 16, 1000, 2, 1, 8, 940, 98, 0.281250, 0.767500, 0.000000, 659, 27, 0
4, 12, 6, 16, 1000, 2, 2, 8, 963, 83, 0.500000, 0.665254, 0.000000, 749, 29, 0
4, 12, 6, 16, 1000, 2, 3, 8, 938, 77, 0.476190, 0.747340, 0.000000, 746, 30, 0
4, 12, 6, 16, 1000, 2, 4, 8, 999, 77, 0.300000, 0.519231, 0.000000, 743, 21, 0
4, 12, 6, 16, 1000, 3, 1, 8, 940, 98, 0.281250, 0.767500, 0.000000, 659, 27, 0
4, 12, 6, 16, 1000, 3, 2, 8, 1087, 83, 0.250000, 0.674242, 0.000000, 745, 22, 0
4, 12, 6, 16, 1000, 3, 3, 8, 938, 77, 0.476190, 0.747340, 0.000000, 746, 30, 0
4, 12, 6, 16, 1000, 3, 4, 8, 987, 77, 0.250000, 0.531818, 0.000000, 741, 19, 0
4, 12, 6, 64, 100, 1, 1, 8, 238, 98, 0.281250, 0.861386, 0.000000, 113, 27, 0
4, 12, 6, 64, 100, 1, 2, 8, 209, 83, 0.250000, 0.700758, 0.000000, 121, 22, 0
4, 12, 6, 64, 100, 1, 3, 8, 236, 77, 0.476190, 0.726064, 0.000000, 122, 30, 0
4, 12, 6, 64, 100, 1, 4, 8, 197, 77, 0.250000, 0.581818, 0.000000, 117, 20, 0
4, 12, 6, 64, 100, 2, 1, 8, 238, 98, 0.281250, 0.861386, 0.000000, 113, 27, 0
4, 12, 6, 64, 100, 2, 2, 8, 261, 83, 0.500000, 0.665254, 0.000000, 125, 29, 0
4, 12, 6, 64, 100, 2, 3, 8, 236, 77, 0.476190, 0.747340, 0.000000, 122, 30, 0
4, 12, 6, 64, 100, 2, 4, 8, 209, 77, 0.300000, 0.571970, 0.000000, 119, 22, 0
4, 12, 6, 64, 100, 3, 1, 8, 238, 98, 0.281250, 0.861386, 0.000000, 113, 27, 0
4, 12, 6, 64, 100, 3, 2, 8, 209, 83, 0.250000, 0.700758, 0.000000, 121, 22, 0
4, 12, 6, 64, 100, 3, 3, 8, 236, 77, 0.476190, 0.747340, 0.000000, 122, 30, 0
4, 12, 6, 64, 100, 3, 4, 8, 197, 77, 0.250000, 0.581818, 0.000000, 117, 20, 0
4, 12, 6, 64, 1000, 1, 1, 8, 940, 98, 0.281250, 0.767500, 0.000000, 659, 27, 0
4, 12, 6, 64, 1000, 1, 2, 8, 911, 83, 0.250000, 0.700758, 0.000000, 745, 22, 0
4, 12, 6, 64, 1000, 1, 3, 8, 938, 77, 0.476190, 0.726064, 0.000000, 746, 30, 0
4, 12, 6, 64, 1000, 1, 4, 8, 899, 77, 0.250000, 0.581818, 0.000000, 741, 20, 0
4, 12, 6, 64, 1000, 2, 1, 8, 940, 98, 0.281250, 0.767500, 0.000000, 659, 27, 0
4, 12, 6, 64, 1000, 2, 2, 8, 963, 83, 0.500000, 0.665254, 0.000000, 749, 29, 0
4, 12, 6, 64, 1000, 2, 3, 8, 938, 77, 0.476190, 0.747340, 0.000000, 746, 30, 0
4, 12, 6, 64, 1000, 2, 4, 8, 911, 77, 0.300000, 0.571970, 0.000000, 743, 22, 0
4, 12, 6, 64, 1000, 3, 1, 8, 940, 98, 0.281250, 0.767500, 0.000000, 659, 27, 0
4, 12, 6, 64, 1000, 3, 2, 8, 911, 83, 0.250000, 0.700758, 0.000000, 745, 22, 0
4, 12, 6, 64, 1000, 3, 3, 8, 938, 77, 0.476190, 0.747340, 0.000000, 746, 30, 0
4, 12, 6, 64, 1000, 3, 4, 8, 899, 77, 0.250000, 0.581818, 0.000000, 741, 20, 0
4, 24, 12, 8, 100, 1, 1, 8, 308, 98, 0.281250, 0.125000, 0.000000, 0, 0, 0
4, 24, 12, 8, 100, 1, 2, 8, 263, 83, 0.250000, 0.105978, 0.000000, 0, 0, 0
4, 24, 12, 8, 100, 1, 3, 8, 293, 77, 0.476190, 0.376168, 0.000000, 50, 0, 0
4, 24, 12, 8, 100, 1, 4, 8, 235, 77, 0.250000, 0.215753, 0.000000, 46, 0, 0
4, 24, 12, 8, 100, 2, 1, 8, 308, 98, 0.281250, 0.125000, 0.000000, 0, 0, 0
4, 24, 12, 8, 100, 2, 2, 8, 379, 83, 0.500000, 0.154676, 0.000000, 0, 0, 0
4, 24, 12, 8, 100, 2, 3, 8, 293, 77, 0.476190, 0.467593, 0.000000, 50, 0, 0
4, 24, 12, 8, 100, 2, 4, 8, 267, 77, 0.300000, 0.154070, 0.000000, 30, 0, 0
4, 24, 12, 8, 100, 3, 1, 8, 308, 98, 0.281250, 0.125000, 0.000000, 0, 0, 0
4, 24, 12, 8, 100, 3, 2, 8, 263, 83, 0.250000, 0.105978, 0.000000, 0, 0, 0
4, 24, 12, 8, 100, 3, 3, 8, 293, 77, 0.476190, 0.467593, 0.000000, 50, 0, 0
4, 24, 12, 8, 100, 3, 4, 8, 235, 77, 0.250000, 0.215753, 0.000000, 46, 0, 0
4, 24, 12, 8, 1000, 1, 1, 8, 1556, 98, 0.281250, 0.177273, 0.000000, 0, 0, 0
4, 24, 12, 8, 1000, 1, 2, 8, 1345, 83, 0.250000, 0.110119, 0.000000, 0, 0, 0
4, 24, 12, 8, 1000, 1, 3, 8, 1377, 77, 0.476190, 0.466346, 0.000000, 289, 0, 0
4, 24, 12, 8, 1000, 1, 4, 8, 1249, 77, 0.250000, 0.243151, 0.000000, 202, 0, 0
4, 24, 12, 8, 1000, 2, 1, 8, 1556, 98, 0.281250, 0.177273, 0.000000, 0, 0, 0
4, 24, 12, 8, 1000, 2, 2, 8, 2017, 83, 0.500000, 0.175182, 0.000000, 0, 0, 0
4, 24, 12, 8, 1000, 2, 3, 8, 1377, 77, 0.476190, 0.507212, 0.000000, 289, 0, 0
4, 24, 12, 8, 1000, 2, 4, 8, 1437, 77, 0.300000, 0.194767, 0.000000, 108, 0, 0
4, 24, 12, 8, 1000, 3, 1, 8, 1556, 98, 0.281250, 0.177273, 0.000000, 0, 0, 0
4, 24, 12, 8, 1000, 3, 2, 8, 1345, 83, 0.250000, 0.110119, 0.000000, 0, 0, 0
4, 24, 12, 8, 1000, 3, 3, 8, 1377, 77, 0.476190, 0.507212, 0.000000, 289, 0, 0
4, 24, 12, 8, 1000, 3, 4, 8, 1249, 77, 0.250000, 0.243151, 0.000000, 202, 0, 0
4, 24, 12, 16, 100, 1, 1, 8, 308, 98, 0.281250, 0.396739, 0.000000, 0, 0, 0
4, 24, 12, 16, 100, 1, 2, 8, 243, 83, 0.250000, 0.309278, 0.000000, 0, 0, 0
4, 24, 12, 16, 100, 1, 3, 8, 244, 77, 0.476190, 0.677350, 0.000000, 85, 0, 0
4, 24, 12, 16, 100, 1, 4, 8, 215, 77, 0.250000, 0.375000, 0.000000, 50, 0, 0
4, 24, 12, 16, 100, 2, 1, 8, 308, 98, 0.281250, 0.396739, 0.000000, 0, 0, 0
4, 24, 12, 16, 100, 2, 2, 8, 359, 83, 0.500000, 0.449695, 0.000000, 0, 0, 0
4, 24, 12, 16, 100, 2, 3, 8, 244, 77, 0.476190, 0.675214, 0.000000, 85, 0, 0
4, 24, 12, 16, 100, 2, 4, 8, 227, 77, 0.300000, 0.384615, 0.000000, 34, 0, 0
4, 24, 12, 16, 100, 3, 1, 8, 308, 98, 0.281250, 0.396739, 0.000000, 0, 0, 0
4, 24, 12, 16, 100, 3, 2, 8, 243, 83, 0.250000, 0.309278, 0.000000, 0, 0, 0
4, 24, 12, 16, 100, 3, 3, 8, 244, 77, 0.476190, 0.675214, 0.000000, 85, 0, 0
4, 24, 12, 16, 100, 3, 4, 8, 215, 77, 0.250000, 0.375000, 0.000000, 50, 0, 0
4, 24, 12, 16, 1000, 1, 1, 8, 1380, 98, 0.281250, 0.460526, 0.000000, 0, 1, 0
4, 24, 12, 16, 1000, 1, 2, 8, 1169, 83, 0.250000, 0.343085, 0.000000, 0, 0, 0
4, 24, 12, 16, 1000, 1, 3, 8, 1024, 77, 0.476190, 0.688559, 0.000000, 553, 0, 0
4, 24, 12, 16, 1000, 1, 4, 8, 1073, 77, 0.250000, 0.346667, 0.000000, 238, 0, 0
4, 24, 12, 16, 1000, 2, 1, 8, 1380, 98, 0.281250, 0.460526, 0.000000, 0, 1, 0
4, 24, 12, 16, 1000, 2, 2, 8, 1595, 83, 0.500000, 0.496815, 0.000000, 0, 0, 0
4, 24, 12, 16, 1000, 2, 3, 8, 1024, 77, 0.476190, 0.716102, 0.000000, 553, 0, 0
4, 24, 12, 16, 1000, 2, 4, 8, 1085, 77, 0.300000, 0.331461, 0.000000, 144, 0, 0
4, 24, 12, 16, 1000, 3, 1, 8, 1380, 98, 0.281250, 0.460526, 0.000000, 0, 1, 0
4, 24, 12, 16, 1000, 3, 2, 8, 1169, 83, 0.250000, 0.343085, 0.000000, 0, 0, 0
4, 24, 12, 16, 1000, 3, 3, 8, 1024, 77, 0.476190, 0.716102, 0.000000, 553, 0, 0
4, 24, 12, 16, 1000, 3, 4, 8, 1073, 77, 0.250000, 0.346667, 0.000000, 238, 0, 0
4, 24, 12, 64, 100, 1, 1, 8, 238, 98, 0.281250, 0.728528, 0.000000, 0, 1, 0
4, 24, 12, 64, 100, 1, 2, 8, 203, 83, 0.250000, 0.684109, 0.000000, 0, 0, 0
4, 24, 12, 64, 100, 1, 3, 8, 234, 77, 0.476190, 0.829167, 0.000000, 85, 0, 0
4, 24, 12, 64, 100, 1, 4, 8, 195, 77, 0.250000, 0.603125, 0.000000, 65, 0, 0
4, 24, 12, 64, 100, 2, 1, 8, 238, 98, 0.281250, 0.728528, 0.000000, 0, 1, 0
4, 24, 12, 64, 100, 2, 2, 8, 259, 83, 0.500000, 0.763298, 0.000000, 0, 0, 0
4, 24, 12, 64, 100, 2, 3, 8, 234, 77, 0.476190, 0.829167, 0.000000, 85, 0, 0
4, 24, 12, 64, 100, 2, 4, 8, 207, 77, 0.300000, 0.656250, 0.000000, 50, 0, 0
4, 24, 12, 64, 100, 3, 1, 8, 238, 98, 0.281250, 0.728528, 0.000000, 0, 1, 0
4, 24, 12, 64, 100, 3, 2, 8, 203, 83, 0.250000, 0.684109, 0.000000, 0, 0, 0
4, 24, 12, 64, 100, 3, 3, 8, 234, 77, 0.476190, 0.829167, 0.000000, 85, 0, 0
4, 24, 12, 64, 100, 3, 4, 8, 195, 77, 0.250000, 0.603125, 0.000000, 65, 0, 0
4, 24, 12, 64, 1000, 1, 1, 8, 940, 98, 0.281250, 0.687908, 0.000000, 0, 1, 0
4, 24, 12, 64, 1000, 1, 2, 8, 905, 83, 0.250000, 0.634146, 0.000000, 0, 0, 0
4, 24, 12, 64, 1000, 1, 3, 8, 936, 77, 0.476190, 0.745726, 0.000000, 553, 0, 0
4, 24, 12, 64, 1000, 1, 4, 8, 897, 77, 0.250000, 0.542208, 0.000000, 377, 0, 0
4, 24, 12, 64, 1000, 2, 1, 8, 940, 98, 0.281250, 0.687908, 0.000000, 0, 1, 0
4, 24, 12, 64, 1000, 2, 2, 8, 961, 83, 0.500000, 0.740000, 0.000000, 0, 0, 0
4, 24, 12, 64, 1000, 2, 3, 8, 936, 77, 0.476190, 0.750000, 0.000000, 553, 0, 0
4, 24, 12, 64, 1000, 2, 4, 8, 909, 77, 0.300000, 0.598485, 0.000000, 284, 0, 0
4, 24, 12, 64, 1000, 3, 1, 8, 940, 98, 0.281250, 0.687908, 0.000000, 0, 1, 0
4, 24, 12, 64, 1000, 3, 2, 8, 905, 83, 0.250000, 0.634146, 0.000000, 0, 0, 0
4, 24, 12, 64, 1000, 3, 3, 8, 936, 77, 0.476190, 0.750000, 0.000000, 553, 0, 0
4, 24, 12, 64, 1000, 3, 4, 8, 897, 77, 0.250000, 0.542208, 0.000000, 377, 0, 0
4, 32, 16, 8, 100, 1, 1, 8, 308, 98, 0.281250, 0.125000, 0.000000, 0, 0, 0
4, 32, 16, 8, 100, 1, 2, 8, 263, 83, 0.250000, 0.105978, 0.000000, 0, 0, 0
4, 32, 16, 8, 100, 1, 3, 8, 284, 77, 0.476190, 0.380435, 0.000000, 23, 0, 0
4, 32, 16, 8, 100, 1, 4, 8, 245, 77, 0.250000, 0.201807, 0.000000, 7, 0, 0
4, 32, 16, 8, 100, 2, 1, 8, 308, 98, 0.281250, 0.125000, 0.000000, 0, 0, 0
4, 32, 16, 8, 100, 2, 2, 8, 379, 83, 0.500000, 0.154676, 0.000000, 0, 0, 0
4, 32, 16, 8, 100, 2, 3, 8, 294, 77, 0.476190, 0.484783, 0.000000, 23, 0, 0
4, 32, 16, 8, 100, 2, 4, 8, 267, 77, 0.300000, 0.144022, 0.000000, 4, 0, 0
4, 32, 16, 8, 100, 3, 1, 8, 308, 98, 0.281250, 0.125000, 0.000000, 0, 0, 0
4, 32, 16, 8, 100, 3, 2, 8, 263, 83, 0.250000, 0.105978, 0.000000, 0, 0, 0
4, 32, 16, 8, 100, 3, 3, 8, 294, 77, 0.476190, 0.484783, 0.000000, 23, 0, 0
4, 32, 16, 8, 100, 3, 4, 8, 245, 77, 0.250000, 0.201807, 0.000000, 7, 0, 0
4, 32, 16, 8, 1000, 1, 1, 8, 1556, 98, 0.281250, 0.177273, 0.000000, 0, 0, 0
4, 32, 16, 8, 1000, 1, 2, 8, 1345, 83, 0.250000, 0.110119, 0.000000, 0, 0, 0
4, 32, 16, 8, 1000, 1, 3, 8, 1378, 77, 0.476190, 0.475000, 0.000000, 104, 0, 0
4, 32, 16, 8, 1000, 1, 4, 8, 1337, 77, 0.250000, 0.243827, 0.000000, 7, 0, 0
4, 32, 16, 8, 1000, 2, 1, 8, 1556, 98, 0.281250, 0.177273, 0.000000, 0, 0, 0
4, 32, 16, 8, 1000, 2, 2, 8, 2017, 83, 0.500000, 0.175182, 0.000000, 0, 0, 0
4, 32, 16, 8, 1000, 2, 3, 8, 1378, 77, 0.476190, 0.518182, 0.000000, 104, 0, 0
4, 32, 16, 8, 1000, 2, 4, 8, 1393, 77, 0.300000, 0.208824, 0.000000, 4, 0, 0
4, 32, 16, 8, 1000, 3, 1, 8, 1556, 98, 0.281250, 0.177273, 0.000000, 0, 0, 0
4, 32, 16, 8, 1000, 3, 2, 8, 1345, 83, 0.250000, 0.110119, 0.000000, 0, 0, 0
4, 32, 16, 8, 1000, 3, 3, 8, 1378, 77, 0.476190, 0.518182, 0.000000, 104, 0, 0
4, 32, 16, 8, 1000, 3, 4, 8, 1337, 77, 0.250000, 0.243827, 0.000000, 7, 0, 0
4, 32, 16, 16, 100, 1, 1, 8, 308, 98, 0.281250, 0.396739, 0.000000, 0, 0, 0
4, 32, 16, 16, 100, 1, 2, 8, 243, 83, 0.250000, 0.309278, 0.000000, 0, 0, 0
4, 32, 16, 16, 100, 1, 3, 8, 254, 77, 0.476190, 0.657480, 0.000000, 59, 0, 0
4, 32, 16, 16, 100, 1, 4, 8, 215, 77, 0.250000, 0.367647, 0.000000, 11, 0, 0
4, 32, 16, 16, 100, 2, 1, 8, 308, 98, 0.281250, 0.396739, 0.000000, 0, 0, 0
4, 32, 16, 16, 100, 2, 2, 8, 359, 83, 0.500000, 0.449695, 0.000000, 0, 0, 0
4, 32, 16, 16, 100, 2, 3, 8, 254, 77, 0.476190, 0.655512, 0.000000, 59, 0, 0
4, 32, 16, 16, 100, 2, 4, 8, 227, 77, 0.300000, 0.360825, 0.000000, 8, 0, 0
4, 32, 16, 16, 100, 3, 1, 8, 308, 98, 0.281250, 0.396739, 0.000000, 0, 0, 0
4, 32, 16, 16, 100, 3, 2, 8, 243, 83, 0.250000, 0.309278, 0.000000, 0, 0, 0
4, 32, 16, 16, 100, 3, 3, 8, 254, 77, 0.476190, 0.655512, 0.000000, 59, 0, 0
4, 32, 16, 16, 100, 3, 4, 8, 215, 77, 0.250000, 0.367647, 0.000000, 11, 0, 0
4, 32, 16, 16, 1000, 1, 1, 8, 1380, 98, 0.281250, 0.460526, 0.000000, 0, 0, 0
4, 32, 16, 16, 1000, 1, 2, 8, 1169, 83, 0.250000, 0.343085, 0.000000, 0, 0, 0
4, 32, 16, 16, 1000, 1, 3, 8, 1112, 77, 0.476190, 0.667969, 0.000000, 449, 0, 0
4, 32, 16, 16, 1000, 1, 4, 8, 1073, 77, 0.250000, 0.351852, 0.000000, 44, 0, 0
4, 32, 16, 16, 1000, 2, 1, 8, 1380, 98, 0.281250, 0.460526, 0.000000, 0, 0, 0
4, 32, 16, 16, 1000, 2, 2, 8, 1595, 83, 0.500000, 0.496815, 0.000000, 0, 0, 0
4, 32, 16, 16, 1000, 2, 3, 8, 1112, 77, 0.476190, 0.693359, 0.000000, 449, 0, 0
4, 32, 16, 16, 1000, 2, 4, 8, 1094, 77, 0.300000, 0.302326, 0.000000, 41, 0, 0
4, 32, 16, 16, 1000, 3, 1, 8, 1380, 98, 0.281250, 0.460526, 0.000000, 0, 0, 0
4, 32, 16, 16, 1000, 3, 2, 8, 1169, 83, 0.250000, 0.343085, 0.000000, 0, 0, 0
4, 32, 16, 16, 1000, 3, 3, 8, 1112, 77, 0.476190, 0.693359, 0.000000, 449, 0, 0
4, 32, 16, 16, 1000, 3, 4, 8, 1073, 77, 0.250000, 0.351852, 0.000000, 44, 0, 0
4, 32, 16, 64, 100, 1, 1, 8, 238, 98, 0.281250, 0.728528, 0.000000, 0, 0, 0
4, 32, 16, 64, 100, 1, 2, 8, 203, 83, 0.250000, 0.684109, 0.000000, 0, 0, 0
4, 32, 16, 64, 100, 1, 3, 8, 234, 77, 0.476190, 0.821970, 0.000000, 61, 0, 0
4, 32, 16, 64, 100, 1, 4, 8, 195, 77, 0.250000, 0.628788, 0.000000, 26, 0, 0
4, 32, 16, 64, 100, 2, 1, 8, 238, 98, 0.281250, 0.728528, 0.000000, 0, 0, 0
4, 32, 16, 64, 100, 2, 2, 8, 259, 83, 0.500000, 0.763298, 0.000000, 0, 0, 0
4, 32, 16, 64, 100, 2, 3, 8, 234, 77, 0.476190, 0.821970, 0.000000, 61, 0, 0
4, 32, 16, 64, 100, 2, 4, 8, 207, 77, 0.300000, 0.684000, 0.000000, 13, 0, 0
4, 32, 16, 64, 100, 3, 1, 8, 238, 98, 0.281250, 0.728528, 0.000000, 0, 0, 0
4, 32, 16, 64, 100, 3, 2, 8, 203, 83, 0.250000, 0.684109, 0.000000, 0, 0, 0
4, 32, 16, 64, 100, 3, 3, 8, 234, 77, 0.476190, 0.821970, 0.000000, 61, 0, 0
4, 32, 16, 64, 100, 3, 4, 8, 195, 77, 0.250000, 0.628788, 0.000000, 26, 0, 0
4, 32, 16, 64, 1000, 1, 1, 8, 940, 98, 0.281250, 0.687908, 0.000000, 0, 0, 0
4, 32, 16, 64, 1000, 1, 2, 8, 905, 83, 0.250000, 0.634146, 0.000000, 0, 0, 0
4, 32, 16, 64, 1000, 1, 3, 8, 936, 77, 0.476190, 0.769685, 0.000000, 451, 0, 0
4, 32, 16, 64, 1000, 1, 4, 8, 897, 77, 0.250000, 0.547368, 0.000000, 182, 0, 0
4, 32, 16, 64, 1000, 2, 1, 8, 940, 98, 0.281250, 0.687908, 0.000000, 0, 0, 0
4, 32, 16, 64, 1000, 2, 2, 8, 961, 83, 0.500000, 0.740000, 0.000000, 0, 0, 0
4, 32, 16, 64, 1000, 2, 3, 8, 936, 77, 0.476190, 0.773622, 0.000000, 451, 0, 0
4, 32, 16, 64, 1000, 2, 4, 8, 909, 77, 0.300000, 0.600000, 0.000000, 91, 0, 0
4, 32, 16, 64, 1000, 3, 1, 8, 940, 98, 0.281250, 0.687908, 0.000000, 0, 0, 0
4, 32, 16, 64, 1000, 3, 2, 8, 905, 83, 0.250000, 0.634146, 0.000000, 0, 0, 0
4, 32, 16, 64, 1000, 3, 3, 8, 936, 77, 0.476190, 0.773622, 0.000000, 451, 0, 0
4, 32, 16, 64, 1000, 3, 4, 8, 897, 77, 0.250000, 0.547368, 0.000000, 182, 0, 0
